country,region,month,min_temp,max_temp,dor,weather,season,rating,warning,event,pro,
Egypt,Cairo/Luxor/Aswan – Nile Valley,January,8,22,0,sunny,shoulder,best,,,,
Egypt,Cairo/Luxor/Aswan – Nile Valley,February,10,24,0,sunny,high,best,,,,
Egypt,Cairo/Luxor/Aswan – Nile Valley,March,13,28,0,sunny,high,best,,,,
Egypt,Cairo/Luxor/Aswan – Nile Valley,April,16,33,0,sunny,high,poor,,,,
Egypt,Cairo/Luxor/Aswan – Nile Valley,May,20,37,0,sunny,low,poor,,,,
Egypt,Cairo/Luxor/Aswan – Nile Valley,June,23,39,0,sunny,low,poor,,,,
Egypt,Cairo/Luxor/Aswan – Nile Valley,July,24,39,0,sunny,low,poor,,,,
Egypt,Cairo/Luxor/Aswan – Nile Valley,August,24,39,0,sunny,low,poor,,,,
Egypt,Cairo/Luxor/Aswan – Nile Valley,September,22,37,0,sunny,low,mixed,,,,
Egypt,Cairo/Luxor/Aswan – Nile Valley,October,18,32,0,sunny,shoulder,best,,,,
Egypt,Cairo/Luxor/Aswan – Nile Valley,November,14,27,0,sunny,shoulder,best,,,,
Egypt,Cairo/Luxor/Aswan – Nile Valley,December,10,23,0,sunny,shoulder,best,,,,
Egypt,Sharm el Sheikh/Hurghada – Red Sea,January,15,23,0,sunny,shoulder,best,,,,
Egypt,Sharm el Sheikh/Hurghada – Red Sea,February,16,24,0,sunny,high,best,,,,
Egypt,Sharm el Sheikh/Hurghada – Red Sea,March,18,26,0,sunny,high,best,,,,
Egypt,Sharm el Sheikh/Hurghada – Red Sea,April,21,29,0,sunny,high,best,,,,
Egypt,Sharm el Sheikh/Hurghada – Red Sea,May,24,33,0,sunny,high,mixed,,,,
Egypt,Sharm el Sheikh/Hurghada – Red Sea,June,26,35,0,sunny,low,mixed,,,,
Egypt,Sharm el Sheikh/Hurghada – Red Sea,July,28,37,0,sunny,low,poor,,,,
Egypt,Sharm el Sheikh/Hurghada – Red Sea,August,28,37,0,sunny,low,poor,,,,
Egypt,Sharm el Sheikh/Hurghada – Red Sea,September,26,34,0,sunny,low,mixed,,,,
Egypt,Sharm el Sheikh/Hurghada – Red Sea,October,23,31,0,sunny,shoulder,best,,,,
Egypt,Sharm el Sheikh/Hurghada – Red Sea,November,19,27,0,sunny,shoulder,best,,,,
Egypt,Sharm el Sheikh/Hurghada – Red Sea,December,16,24,0,sunny,shoulder,best,,,,
Egypt,Alexandria – Mediterranean,January,9,18,8,cloudy,shoulder,good,,,,
Egypt,Alexandria – Mediterranean,February,9,19,6,cloudy,shoulder,good,,,,
Egypt,Alexandria – Mediterranean,March,11,21,4,sunny,high,best,,,,
Egypt,Alexandria – Mediterranean,April,14,24,2,sunny,high,best,,,,
Egypt,Alexandria – Mediterranean,May,17,27,1,sunny,high,best,,,,
Egypt,Alexandria – Mediterranean,June,20,29,0,sunny,high,best,,,,
Egypt,Alexandria – Mediterranean,July,22,30,0,sunny,high,best,,,,
Egypt,Alexandria – Mediterranean,August,23,31,0,sunny,high,best,,,,
Egypt,Alexandria – Mediterranean,September,21,30,1,sunny,high,best,,,,
Egypt,Alexandria – Mediterranean,October,18,27,3,sunny,shoulder,good,,,,
Egypt,Alexandria – Mediterranean,November,14,23,5,cloudy,shoulder,good,,,,
Egypt,Alexandria – Mediterranean,December,11,20,8,cloudy,shoulder,good,,,,
Egypt,Siwa Oasis – Western Desert,January,6,19,0,sunny,shoulder,good,,,,
Egypt,Siwa Oasis – Western Desert,February,8,22,0,sunny,high,best,,,,
Egypt,Siwa Oasis – Western Desert,March,11,26,0,sunny,high,best,,,,
Egypt,Siwa Oasis – Western Desert,April,15,31,0,sunny,high,mixed,,,,
Egypt,Siwa Oasis – Western Desert,May,19,35,0,sunny,low,poor,,,,
Egypt,Siwa Oasis – Western Desert,June,22,38,0,sunny,low,poor,,,,
Egypt,Siwa Oasis – Western Desert,July,23,39,0,sunny,low,poor,,,,
Egypt,Siwa Oasis – Western Desert,August,23,38,0,sunny,low,poor,,,,
Egypt,Siwa Oasis – Western Desert,September,21,35,0,sunny,low,mixed,,,,
Egypt,Siwa Oasis – Western Desert,October,17,30,0,sunny,shoulder,good,,,,
Egypt,Siwa Oasis – Western Desert,November,12,25,0,sunny,shoulder,good,,,,
Egypt,Siwa Oasis – Western Desert,December,8,21,0,sunny,shoulder,good,,,,
France,Paris – Central,January,2,6,10,cloudy,low,poor,,,,
France,Paris – Central,February,2,7,9,cloudy,low,poor,,,,
France,Paris – Central,March,3,11,8,mixed,shoulder,good,,,,
France,Paris – Central,April,6,15,7,sunny,shoulder,good,,,,
France,Paris – Central,May,9,19,8,sunny,high,best,,,,
France,Paris – Central,June,12,23,7,sunny,high,best,,,,
France,Paris – Central,July,14,25,6,sunny,high,best,,,,
France,Paris – Central,August,14,25,6,sunny,high,best,,,,
France,Paris – Central,September,11,21,6,mixed,shoulder,good,,,,
France,Paris – Central,October,8,16,9,cloudy,shoulder,good,,,,
France,Paris – Central,November,4,10,10,rainy,low,poor,,,,
France,Paris – Central,December,2,7,11,cloudy,low,poor,,,,
France,Nice – Riviera,January,5,13,6,sunny,shoulder,good,,,,
France,Nice – Riviera,February,5,13,5,sunny,shoulder,good,,,,
France,Nice – Riviera,March,7,15,6,sunny,shoulder,good,,,,
France,Nice – Riviera,April,9,17,6,sunny,high,best,,,,
France,Nice – Riviera,May,13,21,5,sunny,high,best,,,,
France,Nice – Riviera,June,16,25,3,sunny,high,best,,,,
France,Nice – Riviera,July,18,28,2,sunny,high,best,,,,
France,Nice – Riviera,August,18,28,3,sunny,high,best,,,,
France,Nice – Riviera,September,16,24,5,sunny,shoulder,good,,,,
France,Nice – Riviera,October,13,20,7,mixed,shoulder,good,,,,
France,Nice – Riviera,November,9,16,8,rainy,low,poor,,,,
France,Nice – Riviera,December,6,13,7,cloudy,low,poor,,,,
France,Bordeaux – Wine Region,January,2,10,12,rainy,low,poor,,,,PR
France,Bordeaux – Wine Region,February,2,11,10,rainy,low,poor,,,,
France,Bordeaux – Wine Region,March,4,14,9,mixed,shoulder,good,,,,
France,Bordeaux – Wine Region,April,6,17,8,sunny,shoulder,good,,,,
France,Bordeaux – Wine Region,May,10,21,9,sunny,high,best,,,,
France,Bordeaux – Wine Region,June,13,25,7,sunny,high,best,,,,
France,Bordeaux – Wine Region,July,15,27,6,sunny,high,best,,,,
France,Bordeaux – Wine Region,August,15,27,6,sunny,high,best,,,,
France,Bordeaux – Wine Region,September,12,24,7,mixed,shoulder,good,,,,
France,Bordeaux – Wine Region,October,9,19,10,rainy,shoulder,good,,,,
France,Bordeaux – Wine Region,November,5,13,12,rainy,low,poor,,,,
France,Bordeaux – Wine Region,December,3,10,12,rainy,low,poor,,,,
France,Chamonix – Alps,January,-8,-1,15,snowy,high,best,,,,
France,Chamonix – Alps,February,-7,0,13,snowy,high,best,,,,
France,Chamonix – Alps,March,-5,3,12,snowy,shoulder,good,,,,
France,Chamonix – Alps,April,-2,7,10,mixed,shoulder,good,,,,
France,Chamonix – Alps,May,2,12,12,rainy,low,poor,,,,
France,Chamonix – Alps,June,5,16,11,rainy,low,poor,,,,
France,Chamonix – Alps,July,7,18,10,rainy,low,poor,,,,
France,Chamonix – Alps,August,7,18,10,rainy,low,poor,,,,
France,Chamonix – Alps,September,4,14,9,mixed,shoulder,good,,,,
France,Chamonix – Alps,October,0,9,11,snowy,high,best,,,,
France,Chamonix – Alps,November,-4,3,13,snowy,high,best,,,,
France,Chamonix – Alps,December,-7,-1,14,snowy,high,best,,,,
Germany,Berlin – Northern,January,-3,3,10,snowy,low,poor,,,,PR
Germany,Berlin – Northern,February,-2,4,8,snowy,low,poor,,,,PR
Germany,Berlin – Northern,March,1,9,9,mixed,shoulder,mixed,,,,PR
Germany,Berlin – Northern,April,4,14,8,mixed,shoulder,good,,,,PR
Germany,Berlin – Northern,May,8,19,9,sunny,high,best,,,,PR
Germany,Berlin – Northern,June,11,22,10,sunny,high,best,,,,PR
Germany,Berlin – Northern,July,14,25,9,sunny,high,best,,,,PR
Germany,Berlin – Northern,August,13,24,9,sunny,high,best,,,,PR
Germany,Berlin – Northern,September,10,19,9,mixed,shoulder,good,,,,PR
Germany,Berlin – Northern,October,5,14,10,mixed,shoulder,mixed,,,,PR
Germany,Berlin – Northern,November,1,7,11,mixed,low,mixed,,,,PR
Germany,Berlin – Northern,December,-2,3,11,snowy,festive,poor,,,,PR
Germany,Munich – Central,January,-3,4,10,snowy,low,poor,,,,PR
Germany,Munich – Central,February,-2,5,9,snowy,low,poor,,,,PR
Germany,Munich – Central,March,2,10,10,mixed,shoulder,mixed,,,,PR
Germany,Munich – Central,April,5,14,11,mixed,shoulder,good,,,,PR
Germany,Munich – Central,May,9,19,13,sunny,high,best,,,,PR
Germany,Munich – Central,June,13,22,13,sunny,high,best,,,,PR
Germany,Munich – Central,July,15,24,13,sunny,high,best,,,,PR
Germany,Munich – Central,August,14,24,12,sunny,high,best,,,,PR
Germany,Munich – Central,September,11,19,10,mixed,shoulder,good,,,,PR
Germany,Munich – Central,October,7,14,9,mixed,shoulder,mixed,,,,PR
Germany,Munich – Central,November,2,8,10,snowy,low,mixed,,,,PR
Germany,Munich – Central,December,-1,4,11,snowy,festive,poor,,,,PR
Germany,Cologne – Rhineland,January,1,6,14,rainy,low,poor,,,,PR
Germany,Cologne – Rhineland,February,1,7,12,rainy,low,poor,,,,PR
Germany,Cologne – Rhineland,March,2,11,13,rainy,shoulder,good,,,,PR
Germany,Cologne – Rhineland,April,5,16,10,sunny,shoulder,good,,,,PR
Germany,Cologne – Rhineland,May,8,20,11,sunny,high,best,,,,PR
Germany,Cologne – Rhineland,June,111,23,10,sunny,high,best,,,,PR
Germany,Cologne – Rhineland,July,13,25,11,rainy,low,poor,,,,PR
Germany,Cologne – Rhineland,August,13,25,10,rainy,low,poor,,,,PR
Germany,Cologne – Rhineland,September,10,20,9,mixed,shoulder,good,,,,PR
Germany,Cologne – Rhineland,October,7,15,12,rainy,low,poor,,,,PR
Germany,Cologne – Rhineland,November,4,10,15,rainy,low,poor,,,,PR
Germany,Cologne – Rhineland,December,1,7,16,rainy,low,poor,,,,PR
Germany,Hamburg – Northwest Coastlands,January,-1,4,15,rainy,low,poor,,,,PR
Germany,Hamburg – Northwest Coastlands,February,-1,4,12,rainy,low,poor,,,,PR
Germany,Hamburg – Northwest Coastlands,March,1,8,13,rainy,shoulder,good,,,,PR
Germany,Hamburg – Northwest Coastlands,April,3,12,11,sunny,shoulder,good,,,,PR
Germany,Hamburg – Northwest Coastlands,May,7,18,10,sunny,high,best,,,,PR
Germany,Hamburg – Northwest Coastlands,June,11,20,9,sunny,high,best,,,,PR
Germany,Hamburg – Northwest Coastlands,July,13,22,11,rainy,low,poor,,,,PR
Germany,Hamburg – Northwest Coastlands,August,13,22,11,rainy,low,poor,,,,PR
Germany,Hamburg – Northwest Coastlands,September,10,18,10,mixed,shoulder,good,,,,PR
Germany,Hamburg – Northwest Coastlands,October,6,13,13,rainy,low,poor,,,,PR
Germany,Hamburg – Northwest Coastlands,November,2,8,16,rainy,low,poor,,,,PR
Germany,Hamburg – Northwest Coastlands,December,1,5,17,rainy,low,poor,,,,PR
Germany,Garmisch-Partenkirchen – Bavarian Alps,January,-6,2,15,snowy,low,mixed,avalanche risk,,yes,PR
Germany,Garmisch-Partenkirchen – Bavarian Alps,February,-5,4,13,snowy,low,mixed,avalanche risk,,yes,PR
Germany,Garmisch-Partenkirchen – Bavarian Alps,March,-2,8,14,snowy,shoulder,good,,,yes,PR
Germany,Garmisch-Partenkirchen – Bavarian Alps,April,1,12,15,mixed,shoulder,good,,,yes,PR
Germany,Garmisch-Partenkirchen – Bavarian Alps,May,5,17,16,mixed,high,best,,,yes,PR
Germany,Garmisch-Partenkirchen – Bavarian Alps,June,8,19,17,mixed,high,best,,,yes,PR
Germany,Garmisch-Partenkirchen – Bavarian Alps,July,10,21,16,sunny,high,best,,,yes,PR
Germany,Garmisch-Partenkirchen – Bavarian Alps,August,10,21,15,sunny,high,best,,,yes,PR
Germany,Garmisch-Partenkirchen – Bavarian Alps,September,7,18,13,sunny,high,best,,,yes,PR
Germany,Garmisch-Partenkirchen – Bavarian Alps,October,3,13,12,mixed,shoulder,good,,Oktoberfest,yes,PR
Germany,Garmisch-Partenkirchen – Bavarian Alps,November,-1,7,14,snowy,low,mixed,snowfall,,yes,PR
Germany,Garmisch-Partenkirchen – Bavarian Alps,December,-5,2,16,snowy,festive,mixed,snowstorm,Christmas Markets,yes,PR
Hong Kong,,January,13,18,6,cloudy,shoulder,good,,,,
Hong Kong,,February,14,19,7,cloudy,festive,good,,,,
Hong Kong,,March,17,22,9,mixed,high,best,,,,
Hong Kong,,April,21,26,12,rainy,high,mixed,,,,
Hong Kong,,May,24,29,15,rainy,shoulder,poor,,,,
Hong Kong,,June,26,31,18,rainy,low,poor,,,,
Hong Kong,,July,27,32,16,rainy,low,poor,,,,
Hong Kong,,August,27,32,16,rainy,low,poor,,,,
Hong Kong,,September,26,31,14,rainy,shoulder,mixed,,,,
Hong Kong,,October,23,28,8,cloudy,high,good,,,,
Hong Kong,,November,19,24,5,sunny,high,best,,,,
Hong Kong,,December,15,20,4,sunny,festive,best,,,,
India,Delhi/Agra/Jaipur – Golden Triangle,January,10,22,2,sunny,shoulder,best,,,,
India,Delhi/Agra/Jaipur – Golden Triangle,February,13,26,1,sunny,high,best,,,,
India,Delhi/Agra/Jaipur – Golden Triangle,March,19,33,2,sunny,festive,good,,Holi,,
India,Delhi/Agra/Jaipur – Golden Triangle,April,25,39,3,sunny,high,mixed,Heatwaves,,,
India,Delhi/Agra/Jaipur – Golden Triangle,May,30,42,4,sunny,low,mixed,Heatwaves,,,
India,Delhi/Agra/Jaipur – Golden Triangle,June,32,41,6,mixed,low,poor,Heatwaves,,,
India,Delhi/Agra/Jaipur – Golden Triangle,July,29,36,18,rainy,low,poor,Monsoon,,,
India,Delhi/Agra/Jaipur – Golden Triangle,August,27,33,18,rainy,low,poor,Monsoon,,,
India,Delhi/Agra/Jaipur – Golden Triangle,September,26,34,11,mixed,low,mixed,Monsoon,,,
India,Delhi/Agra/Jaipur – Golden Triangle,October,23,34,2,sunny,shoulder,good,,,,
India,Delhi/Agra/Jaipur – Golden Triangle,November,18,29,1,sunny,shoulder,best,,,,
India,Delhi/Agra/Jaipur – Golden Triangle,December,12,24,1,sunny,shoulder,best,,,,
India,Varanasi – Ganges Plains,January,12,23,2,sunny,shoulder,best,,,yes,
India,Varanasi – Ganges Plains,February,15,28,1,sunny,high,best,,,yes,
India,Varanasi – Ganges Plains,March,20,35,1,sunny,festive,good,,Holi,yes,
India,Varanasi – Ganges Plains,April,26,40,1,sunny,high,mixed,Heatwaves,,yes,
India,Varanasi – Ganges Plains,May,30,42,4,sunny,low,mixed,Heatwaves,,yes,
India,Varanasi – Ganges Plains,June,31,40,9,rainy,low,poor,Heatwaves,,yes,
India,Varanasi – Ganges Plains,July,28,34,19,rainy,low,poor,Monsoon,,yes,
India,Varanasi – Ganges Plains,August,27,33,20,rainy,low,poor,Monsoon,,yes,
India,Varanasi – Ganges Plains,September,26,33,15,rainy,low,poor,Monsoon,,yes,
India,Varanasi – Ganges Plains,October,23,32,4,mixed,shoulder,mixed,,,yes,
India,Varanasi – Ganges Plains,November,18,29,1,sunny,shoulder,best,,,yes,
India,Varanasi – Ganges Plains,December,14,25,1,sunny,shoulder,best,,,yes,
India,Rishikesh – Himalayas Foothills,January,6,20,2,sunny,shoulder,best,,,yes,
India,Rishikesh – Himalayas Foothills,February,9,24,2,sunny,high,best,,,yes,
India,Rishikesh – Himalayas Foothills,March,14,30,3,sunny,high,good,,,yes,
India,Rishikesh – Himalayas Foothills,April,19,36,3,sunny,high,good,,,yes,
India,Rishikesh – Himalayas Foothills,May,23,38,5,sunny,low,mixed,,,yes,
India,Rishikesh – Himalayas Foothills,June,25,36,10,rainy,low,mixed,,,yes,
India,Rishikesh – Himalayas Foothills,July,24,32,18,rainy,low,poor,,,yes,
India,Rishikesh – Himalayas Foothills,August,24,32,17,rainy,low,poor,,,yes,
India,Rishikesh – Himalayas Foothills,September,22,32,11,cloudy,low,mixed,,,yes,
India,Rishikesh – Himalayas Foothills,October,17,31,3,sunny,shoulder,good,,,yes,
India,Rishikesh – Himalayas Foothills,November,11,26,1,sunny,shoulder,best,,,yes,
India,Rishikesh – Himalayas Foothills,December,7,21,1,sunny,shoulder,best,,,yes,
India,Leh/Ladakh – Himalayas,January,-26.2,-15.3,8,snowy,low,poor,Road closures,,,
India,Leh/Ladakh – Himalayas,February,-22.8,-13.1,9,snowy,low,poor,Road closures,,,
India,Leh/Ladakh – Himalayas,March,-20.8,-9.4,9,snowy,low,poor,Road closures,,,
India,Leh/Ladakh – Himalayas,April,-16.6,-4.3,8,mixed,low,mixed,Road closures,,,
India,Leh/Ladakh – Himalayas,May,-11.1,1.5,8,sunny,high,good,,,,
India,Leh/Ladakh – Himalayas,June,-4.6,8.6,8,sunny,high,good,,,,
India,Leh/Ladakh – Himalayas,July,2.5,14.8,10,cloudy,high,best,,,,
India,Leh/Ladakh – Himalayas,August,4.1,15.3,11,cloudy,high,best,,,,
India,Leh/Ladakh – Himalayas,September,-1.6,10.5,7,sunny,shoulder,good,,,,
India,Leh/Ladakh – Himalayas,October,-11.2,2.3,4,sunny,shoulder,mixed,Road closures,,,
India,Leh/Ladakh – Himalayas,November,-19.8,-5.9,4,snowy,low,poor,Road closures,,,
India,Leh/Ladakh – Himalayas,December,-25.4,-12.6,5,snowy,low,poor,Road closures,,,
India,Srinagar - Jammu and Kashmir,January,-2,7,6,snowy,low,poor,,,,
India,Srinagar - Jammu and Kashmir,February,-1,9,6,snowy,low,mixed,,,,
India,Srinagar - Jammu and Kashmir,March,3,14,8,mixed,shoulder,good,,,,
India,Srinagar - Jammu and Kashmir,April,7,20,8,mixed,shoulder,best,,,,
India,Srinagar - Jammu and Kashmir,May,11,24,7,sunny,high,best,,,,
India,Srinagar - Jammu and Kashmir,June,14,29,5,sunny,high,best,,,,
India,Srinagar - Jammu and Kashmir,July,18,30,8,cloudy,high,good,,,,
India,Srinagar - Jammu and Kashmir,August,17,30,7,cloudy,high,good,,,,
India,Srinagar - Jammu and Kashmir,September,12,27,4,sunny,high,best,,,,
India,Srinagar - Jammu and Kashmir,October,6,21,3,sunny,shoulder,good,,,,
India,Srinagar - Jammu and Kashmir,November,2,14,3,snowy,low,mixed,,,,
India,Srinagar - Jammu and Kashmir,December,-1,9,5,snowy,low,poor,,,,
India,Mumbai/Goa – West Coast,January,18,31,1,sunny,high,best,,,,
India,Mumbai/Goa – West Coast,February,20,32,1,sunny,high,best,,,,
India,Mumbai/Goa – West Coast,March,22,33,1,sunny,festive,good,,Holi,,
India,Mumbai/Goa – West Coast,April,24,34,2,sunny,high,mixed,,,,
India,Mumbai/Goa – West Coast,May,26,34,6,cloudy,low,mixed,,,,
India,Mumbai/Goa – West Coast,June,26,31,20,rainy,low,poor,Monsoon,,,
India,Mumbai/Goa – West Coast,July,25,30,25,rainy,low,poor,Monsoon,,,
India,Mumbai/Goa – West Coast,August,24,30,24,rainy,low,poor,Monsoon,,,
India,Mumbai/Goa – West Coast,September,24,31,14,rainy,low,mixed,Monsoon,,,
India,Mumbai/Goa – West Coast,October,23,32,7,cloudy,shoulder,good,,,,
India,Mumbai/Goa – West Coast,November,21,32,3,sunny,shoulder,best,,,,
India,Mumbai/Goa – West Coast,December,19,32,1,sunny,high,best,,,,
India,Kerala – South Coast,January,22,32,2,sunny,high,best,,,,
India,Kerala – South Coast,February,23,33,2,sunny,high,best,,,,
India,Kerala – South Coast,March,24,34,4,sunny,festive,good,,Holi,,
India,Kerala – South Coast,April,24,34,8,rainy,low,mixed,,,,
India,Kerala – South Coast,May,24,33,13,rainy,low,poor,,,,
India,Kerala – South Coast,June,23,30,20,rainy,low,poor,,,,
India,Kerala – South Coast,July,23,29,20,rainy,low,poor,,,,
India,Kerala – South Coast,August,23,29,18,rainy,low,poor,,,,
India,Kerala – South Coast,September,23,30,13,rainy,low,mixed,,,,
India,Kerala – South Coast,October,23,31,12,rainy,shoulder,mixed,,,,
India,Kerala – South Coast,November,23,32,6,cloudy,shoulder,good,,,,
India,Kerala – South Coast,December,22,32,3,sunny,high,best,,,,
Indonesia,Bali – South (Denpasar),January,23,31,20,rainy,low,mixed,,,,
Indonesia,Bali – South (Denpasar),February,23,31,18,rainy,low,mixed,,,,
Indonesia,Bali – South (Denpasar),March,23,31,16,rainy,shoulder,good,,,,
Indonesia,Bali – South (Denpasar),April,24,32,10,mixed,shoulder,best,,,,
Indonesia,Bali – South (Denpasar),May,24,32,7,sunny,high,best,,,,
Indonesia,Bali – South (Denpasar),June,23,31,5,sunny,high,best,,,,
Indonesia,Bali – South (Denpasar),July,23,30,4,sunny,high,best,,,,
Indonesia,Bali – South (Denpasar),August,23,30,3,sunny,high,best,,,,
Indonesia,Bali – South (Denpasar),September,23,31,5,sunny,high,best,,,,
Indonesia,Bali – South (Denpasar),October,23,32,10,mixed,shoulder,good,,,,
Indonesia,Bali – South (Denpasar),November,23,32,16,rainy,shoulder,mixed,,,,
Indonesia,Bali – South (Denpasar),December,23,31,19,rainy,low,mixed,,,,
Indonesia,Bali – North (Lovina),January,22,30,15,rainy,low,good,,,,
Indonesia,Bali – North (Lovina),February,22,30,12,rainy,low,good,,,,
Indonesia,Bali – North (Lovina),March,22,31,10,mixed,shoulder,best,,,,
Indonesia,Bali – North (Lovina),April,23,32,7,sunny,shoulder,best,,,,
Indonesia,Bali – North (Lovina),May,23,32,5,sunny,high,best,,,,
Indonesia,Bali – North (Lovina),June,22,31,3,sunny,high,best,,,,
Indonesia,Bali – North (Lovina),July,22,30,2,sunny,high,best,,,,
Indonesia,Bali – North (Lovina),August,22,30,2,sunny,high,best,,,,
Indonesia,Bali – North (Lovina),September,22,31,3,sunny,high,best,,,,
Indonesia,Bali – North (Lovina),October,23,32,7,mixed,shoulder,good,,,,
Indonesia,Bali – North (Lovina),November,23,32,12,rainy,shoulder,good,,,,
Indonesia,Bali – North (Lovina),December,22,31,14,rainy,low,good,,,,
Indonesia,Jakarta – Java,January,24,31,20,rainy,low,poor,,,,
Indonesia,Jakarta – Java,February,24,31,18,rainy,low,poor,,,,
Indonesia,Jakarta – Java,March,24,32,16,rainy,shoulder,mixed,,,,
Indonesia,Jakarta – Java,April,25,33,12,mixed,shoulder,good,,,,
Indonesia,Jakarta – Java,May,25,33,9,sunny,high,good,,,,
Indonesia,Jakarta – Java,June,25,33,6,sunny,high,good,,,,
Indonesia,Jakarta – Java,July,24,32,5,sunny,high,good,,,,
Indonesia,Jakarta – Java,August,24,33,4,sunny,high,good,,,,
Indonesia,Jakarta – Java,September,25,33,6,sunny,high,good,,,,
Indonesia,Jakarta – Java,October,25,34,10,mixed,shoulder,mixed,,,,
Indonesia,Jakarta – Java,November,25,33,16,rainy,shoulder,poor,,,,
Indonesia,Jakarta – Java,December,24,32,19,rainy,low,poor,,,,
Indonesia,Yogyakarta – Java,January,22,30,18,rainy,low,mixed,,,,
Indonesia,Yogyakarta – Java,February,22,30,16,rainy,low,mixed,,,,
Indonesia,Yogyakarta – Java,March,22,31,14,rainy,shoulder,good,,,,
Indonesia,Yogyakarta – Java,April,23,32,10,mixed,shoulder,best,,,,
Indonesia,Yogyakarta – Java,May,23,32,7,sunny,high,best,,,,
Indonesia,Yogyakarta – Java,June,22,32,4,sunny,high,best,,,,
Indonesia,Yogyakarta – Java,July,22,31,3,sunny,high,best,,,,
Indonesia,Yogyakarta – Java,August,22,32,2,sunny,high,best,,,,
Indonesia,Yogyakarta – Java,September,23,33,4,sunny,high,best,,,,
Indonesia,Yogyakarta – Java,October,23,33,9,mixed,shoulder,good,,,,
Indonesia,Yogyakarta – Java,November,23,32,14,rainy,shoulder,mixed,,,,
Indonesia,Yogyakarta – Java,December,22,31,17,rainy,low,mixed,,,,
Indonesia,Lombok – West Nusa Tenggara,January,24,32,15,rainy,low,good,,,,
Indonesia,Lombok – West Nusa Tenggara,February,24,32,12,rainy,low,good,,,,
Indonesia,Lombok – West Nusa Tenggara,March,24,33,10,mixed,shoulder,best,,,,
Indonesia,Lombok – West Nusa Tenggara,April,24,34,6,sunny,shoulder,best,,,,
Indonesia,Lombok – West Nusa Tenggara,May,24,34,4,sunny,high,best,,,,
Indonesia,Lombok – West Nusa Tenggara,June,23,33,2,sunny,high,best,,,,
Indonesia,Lombok – West Nusa Tenggara,July,23,32,1,sunny,high,best,,,,
Indonesia,Lombok – West Nusa Tenggara,August,23,33,1,sunny,high,best,,,,
Indonesia,Lombok – West Nusa Tenggara,September,23,34,2,sunny,high,best,,,,
Indonesia,Lombok – West Nusa Tenggara,October,24,35,5,sunny,shoulder,best,,,,
Indonesia,Lombok – West Nusa Tenggara,November,24,34,10,mixed,shoulder,good,,,,
Indonesia,Lombok – West Nusa Tenggara,December,24,33,14,rainy,low,good,,,,
Indonesia,Raja Ampat – West Papua,January,24,31,22,rainy,low,poor,,,,
Indonesia,Raja Ampat – West Papua,February,24,31,20,rainy,low,poor,,,,
Indonesia,Raja Ampat – West Papua,March,24,31,18,rainy,shoulder,mixed,,,,
Indonesia,Raja Ampat – West Papua,April,24,32,15,mixed,shoulder,good,,,,
Indonesia,Raja Ampat – West Papua,May,24,32,12,mixed,high,good,,,,
Indonesia,Raja Ampat – West Papua,June,24,32,10,sunny,high,best,,,,
Indonesia,Raja Ampat – West Papua,July,24,31,8,sunny,high,best,,,,
Indonesia,Raja Ampat – West Papua,August,24,31,8,sunny,high,best,,,,
Indonesia,Raja Ampat – West Papua,September,24,32,9,sunny,high,best,,,,
Indonesia,Raja Ampat – West Papua,October,24,32,13,mixed,shoulder,good,,,,
Indonesia,Raja Ampat – West Papua,November,24,32,18,rainy,shoulder,mixed,,,,
Indonesia,Raja Ampat – West Papua,December,24,31,21,rainy,low,poor,,,,
Ireland,,January,2,8,18,cloudy,low,poor,,,,
Ireland,,February,2,8,15,cloudy,low,poor,,,,
Ireland,,March,3,10,16,cloudy,shoulder,mixed,,,,
Ireland,,April,4,12,14,cloudy,shoulder,mixed,,,,
Ireland,,May,7,15,14,cloudy,high,good,,,,
Ireland,,June,10,18,13,cloudy,high,good,,,,
Ireland,,July,12,20,14,cloudy,high,best,,,,
Ireland,,August,12,19,15,cloudy,high,best,,,,
Ireland,,September,10,17,14,cloudy,shoulder,good,,,,
Ireland,,October,7,14,16,cloudy,shoulder,mixed,,,,
Ireland,,November,4,10,17,cloudy,low,poor,,,,
Ireland,,December,3,8,17,cloudy,festive,poor,,,,
Italy,Rome – Central,January,3,12,9,rainy,low,poor,,,,
Italy,Rome – Central,February,3,13,8,rainy,low,poor,,,,
Italy,Rome – Central,March,5,16,7,mixed,shoulder,good,,,,
Italy,Rome – Central,April,8,19,7,sunny,high,best,,,,
Italy,Rome – Central,May,12,23,6,sunny,high,best,,,,
Italy,Rome – Central,June,16,28,4,sunny,high,best,,,,
Italy,Rome – Central,July,18,31,2,sunny,high,best,,,,
Italy,Rome – Central,August,18,31,2,sunny,high,best,,,,
Italy,Rome – Central,September,15,27,5,mixed,shoulder,good,,,,
Italy,Rome – Central,October,11,22,8,rainy,shoulder,good,,,,
Italy,Rome – Central,November,7,16,10,rainy,low,poor,,,,
Italy,Rome – Central,December,4,13,10,cloudy,low,poor,,,,
Italy,Venice – City,January,0,8,7,foggy,low,poor,,,,
Italy,Venice – City,February,2,9,6,foggy,low,poor,,,,
Italy,Venice – City,March,4,13,7,mixed,shoulder,good,,,,
Italy,Venice – City,April,8,17,8,sunny,high,best,,,,
Italy,Venice – City,May,12,22,8,sunny,high,best,,,,
Italy,Venice – City,June,16,26,7,sunny,high,best,,,,
Italy,Venice – City,July,18,28,6,sunny,high,best,,,,
Italy,Venice – City,August,18,28,6,sunny,high,best,,,,
Italy,Venice – City,September,14,24,6,mixed,shoulder,good,,,,
Italy,Venice – City,October,10,18,7,rainy,shoulder,good,,,,
Italy,Venice – City,November,5,12,8,foggy,low,poor,,,,
Italy,Venice – City,December,2,9,7,foggy,low,poor,,,,
Italy,Florence – Tuscany,January,2,10,8,rainy,low,poor,,,,
Italy,Florence – Tuscany,February,2,12,7,rainy,low,poor,,,,
Italy,Florence – Tuscany,March,4,15,8,mixed,shoulder,good,,,,
Italy,Florence – Tuscany,April,7,18,8,sunny,high,best,,,,
Italy,Florence – Tuscany,May,11,23,8,sunny,high,best,,,,
Italy,Florence – Tuscany,June,15,28,5,sunny,high,best,,,,
Italy,Florence – Tuscany,July,17,31,3,sunny,high,best,,,,
Italy,Florence – Tuscany,August,17,31,3,sunny,high,best,,,,
Italy,Florence – Tuscany,September,14,26,6,mixed,shoulder,good,,,,
Italy,Florence – Tuscany,October,10,20,9,rainy,shoulder,good,,,,
Italy,Florence – Tuscany,November,5,14,10,rainy,low,poor,,,,
Italy,Florence – Tuscany,December,2,10,9,cloudy,low,poor,,,,
Italy,Naples – Amalfi Coast,January,5,13,10,rainy,low,poor,,,,
Italy,Naples – Amalfi Coast,February,5,13,9,rainy,low,poor,,,,
Italy,Naples – Amalfi Coast,March,7,15,8,mixed,shoulder,good,,,,
Italy,Naples – Amalfi Coast,April,10,18,7,sunny,high,best,,,,
Italy,Naples – Amalfi Coast,May,14,23,6,sunny,high,best,,,,
Italy,Naples – Amalfi Coast,June,18,27,4,sunny,high,best,,,,
Italy,Naples – Amalfi Coast,July,20,30,2,sunny,high,best,,,,
Italy,Naples – Amalfi Coast,August,20,30,2,sunny,high,best,,,,
Italy,Naples – Amalfi Coast,September,17,26,5,mixed,shoulder,good,,,,
Italy,Naples – Amalfi Coast,October,13,21,8,rainy,shoulder,good,,,,
Italy,Naples – Amalfi Coast,November,9,17,10,rainy,low,poor,,,,
Italy,Naples – Amalfi Coast,December,6,14,11,rainy,low,poor,,,,
Japan,Tokyo/Kyoto – Central,January,2,10,6,cloudy,low,poor,,,,
Japan,Tokyo/Kyoto – Central,February,2,11,7,cloudy,low,poor,,,,
Japan,Tokyo/Kyoto – Central,March,5,14,10,rainy,shoulder,good,,,,
Japan,Tokyo/Kyoto – Central,April,10,20,11,sunny,high,best,,,,
Japan,Tokyo/Kyoto – Central,May,15,24,12,sunny,high,best,,,,
Japan,Tokyo/Kyoto – Central,June,19,27,13,rainy,low,poor,,,,
Japan,Tokyo/Kyoto – Central,July,23,31,12,rainy,low,poor,,,,
Japan,Tokyo/Kyoto – Central,August,24,32,11,sunny,low,poor,,,,
Japan,Tokyo/Kyoto – Central,September,20,28,11,rainy,shoulder,good,,,,
Japan,Tokyo/Kyoto – Central,October,14,22,9,sunny,high,best,,,,
Japan,Tokyo/Kyoto – Central,November,8,17,7,sunny,shoulder,good,,,,
Japan,Tokyo/Kyoto – Central,December,3,12,6,cloudy,low,poor,,,,
Japan,Sapporo – Hokkaido,January,-7,-1,18,snowy,high,best,,,,
Japan,Sapporo – Hokkaido,February,-6,0,15,snowy,high,best,,,,
Japan,Sapporo – Hokkaido,March,-3,4,14,snowy,shoulder,good,,,,
Japan,Sapporo – Hokkaido,April,2,11,11,rainy,shoulder,good,,,,
Japan,Sapporo – Hokkaido,May,7,17,10,sunny,high,best,,,,
Japan,Sapporo – Hokkaido,June,12,21,9,sunny,high,best,,,,
Japan,Sapporo – Hokkaido,July,17,25,9,sunny,high,best,,,,
Japan,Sapporo – Hokkaido,August,18,26,10,sunny,high,best,,,,
Japan,Sapporo – Hokkaido,September,13,22,11,rainy,shoulder,good,,,,
Japan,Sapporo – Hokkaido,October,6,15,12,rainy,low,poor,,,,
Japan,Sapporo – Hokkaido,November,0,8,15,snowy,high,best,,,,
Japan,Sapporo – Hokkaido,December,-5,1,19,snowy,high,best,,,,
Japan,Okinawa – Subtropical,January,14,19,12,rainy,low,poor,,,,
Japan,Okinawa – Subtropical,February,14,19,11,rainy,low,poor,,,,
Japan,Okinawa – Subtropical,March,16,21,12,rainy,shoulder,good,,,,
Japan,Okinawa – Subtropical,April,19,24,11,sunny,high,best,,,,
Japan,Okinawa – Subtropical,May,22,27,12,sunny,high,best,,,,
Japan,Okinawa – Subtropical,June,25,30,14,rainy,low,poor,,,,
Japan,Okinawa – Subtropical,July,27,32,11,sunny,low,poor,,,,
Japan,Okinawa – Subtropical,August,27,32,12,sunny,low,poor,,,,
Japan,Okinawa – Subtropical,September,25,30,13,rainy,shoulder,good,,,,
Japan,Okinawa – Subtropical,October,22,27,10,sunny,high,best,,,,
Japan,Okinawa – Subtropical,November,19,24,9,sunny,shoulder,good,,,,
Japan,Okinawa – Subtropical,December,16,21,11,rainy,low,poor,,,,
Japan,Fukuoka – Kyushu,January,5,12,10,cloudy,low,mixed,,,,
Japan,Fukuoka – Kyushu,February,5,13,9,cloudy,low,mixed,,,,
Japan,Fukuoka – Kyushu,March,8,16,12,mixed,shoulder,good,,,,
Japan,Fukuoka – Kyushu,April,12,20,11,mixed,high,good,,,,
Japan,Fukuoka – Kyushu,May,17,25,11,sunny,high,best,,,,
Japan,Fukuoka – Kyushu,June,21,28,14,rainy,shoulder,mixed,,,,
Japan,Fukuoka – Kyushu,July,25,32,15,rainy,shoulder,mixed,,,,
Japan,Fukuoka – Kyushu,August,25,32,13,rainy,shoulder,mixed,,,,
Japan,Fukuoka – Kyushu,September,22,29,13,rainy,shoulder,mixed,,,,
Japan,Fukuoka – Kyushu,October,17,24,10,mixed,high,good,,,,
Japan,Fukuoka – Kyushu,November,11,19,9,mixed,shoulder,good,,,,
Japan,Fukuoka – Kyushu,December,7,14,8,cloudy,festive,mixed,,,,
Morocco,Marrakech – Central,January,6,18,5,sunny,shoulder,good,,,,
Morocco,Marrakech – Central,February,8,20,4,sunny,shoulder,best,,,,
Morocco,Marrakech – Central,March,10,23,5,sunny,high,best,,,,
Morocco,Marrakech – Central,April,12,25,4,sunny,high,best,,,,
Morocco,Marrakech – Central,May,15,29,2,sunny,high,best,,,,
Morocco,Marrakech – Central,June,18,34,1,sunny,high,poor,,,,
Morocco,Marrakech – Central,July,20,37,0,sunny,high,poor,,,,
Morocco,Marrakech – Central,August,20,36,0,sunny,high,poor,,,,
Morocco,Marrakech – Central,September,18,32,1,sunny,high,good,,,,
Morocco,Marrakech – Central,October,15,27,3,sunny,shoulder,best,,,,
Morocco,Marrakech – Central,November,10,22,4,sunny,shoulder,good,,,,
Morocco,Marrakech – Central,December,7,19,5,sunny,shoulder,good,,,,
Morocco,Casablanca/Tangier – Northern Coast,January,8,17,9,cloudy,low,good,,,,
Morocco,Casablanca/Tangier – Northern Coast,February,8,18,8,cloudy,low,good,,,,
Morocco,Casablanca/Tangier – Northern Coast,March,10,19,7,cloudy,shoulder,good,,,,
Morocco,Casablanca/Tangier – Northern Coast,April,12,20,6,mixed,shoulder,best,,,,
Morocco,Casablanca/Tangier – Northern Coast,May,15,22,4,mixed,high,best,,,,
Morocco,Casablanca/Tangier – Northern Coast,June,17,24,1,sunny,high,best,,,,
Morocco,Casablanca/Tangier – Northern Coast,July,19,26,0,sunny,high,best,,,,
Morocco,Casablanca/Tangier – Northern Coast,August,20,26,0,sunny,high,best,,,,
Morocco,Casablanca/Tangier – Northern Coast,September,18,25,2,sunny,high,good,,,,
Morocco,Casablanca/Tangier – Northern Coast,October,15,23,5,cloudy,shoulder,good,,,,
Morocco,Casablanca/Tangier – Northern Coast,November,12,20,8,rainy,low,mixed,,,,
Morocco,Casablanca/Tangier – Northern Coast,December,9,18,10,rainy,low,mixed,,,,
Morocco,Fes – Inland,January,4,15,8,cloudy,low,good,,,,
Morocco,Fes – Inland,February,5,17,7,cloudy,shoulder,good,,,,
Morocco,Fes – Inland,March,7,20,7,sunny,shoulder,best,,,,
Morocco,Fes – Inland,April,9,22,6,sunny,high,best,,,,
Morocco,Fes – Inland,May,12,26,5,sunny,high,best,,,,
Morocco,Fes – Inland,June,15,31,2,sunny,high,good,,,,
Morocco,Fes – Inland,July,18,35,0,sunny,high,poor,,,,
Morocco,Fes – Inland,August,18,34,0,sunny,high,poor,,,,
Morocco,Fes – Inland,September,16,30,2,sunny,high,good,,,,
Morocco,Fes – Inland,October,12,25,5,sunny,shoulder,best,,,,
Morocco,Fes – Inland,November,8,19,7,cloudy,shoulder,good,,,,
Morocco,Fes – Inland,December,5,16,8,cloudy,low,good,,,,
Morocco,Merzouga – Sahara Desert,January,3,20,1,sunny,shoulder,best,,,,
Morocco,Merzouga – Sahara Desert,February,5,23,1,sunny,shoulder,best,,,,
Morocco,Merzouga – Sahara Desert,March,8,27,1,sunny,high,best,,,,
Morocco,Merzouga – Sahara Desert,April,12,32,1,sunny,high,best,,,,
Morocco,Merzouga – Sahara Desert,May,16,36,0,sunny,high,poor,,,,
Morocco,Merzouga – Sahara Desert,June,20,41,0,sunny,high,poor,,,,
Morocco,Merzouga – Sahara Desert,July,23,43,0,sunny,high,poor,,,,
Morocco,Merzouga – Sahara Desert,August,23,42,0,sunny,high,poor,,,,
Morocco,Merzouga – Sahara Desert,September,19,38,0,sunny,high,good,,,,
Morocco,Merzouga – Sahara Desert,October,14,32,1,sunny,shoulder,best,,,,
Morocco,Merzouga – Sahara Desert,November,8,26,1,sunny,shoulder,best,,,,
Morocco,Merzouga – Sahara Desert,December,4,21,1,sunny,shoulder,best,,,,
Morocco,Chefchaouen – Rif Mountains,January,5,15,10,rainy,low,mixed,,,,
Morocco,Chefchaouen – Rif Mountains,February,5,16,9,rainy,low,mixed,,,,
Morocco,Chefchaouen – Rif Mountains,March,7,18,8,cloudy,shoulder,good,,,,
Morocco,Chefchaouen – Rif Mountains,April,9,20,7,mixed,shoulder,best,,,,
Morocco,Chefchaouen – Rif Mountains,May,12,24,5,sunny,high,best,,,,
Morocco,Chefchaouen – Rif Mountains,June,15,28,2,sunny,high,best,,,,
Morocco,Chefchaouen – Rif Mountains,July,18,32,1,sunny,high,good,,,,
Morocco,Chefchaouen – Rif Mountains,August,18,32,1,sunny,high,good,,,,
Morocco,Chefchaouen – Rif Mountains,September,16,28,3,sunny,high,good,,,,
Morocco,Chefchaouen – Rif Mountains,October,13,24,6,cloudy,shoulder,good,,,,
Morocco,Chefchaouen – Rif Mountains,November,9,19,8,rainy,low,mixed,,,,
Morocco,Chefchaouen – Rif Mountains,December,6,16,10,rainy,low,mixed,,,,
Morocco,Essaouira/Agadir – Southern Coast,January,8,21,3,sunny,shoulder,best,,,,
Morocco,Essaouira/Agadir – Southern Coast,February,9,22,2,sunny,shoulder,best,,,,
Morocco,Essaouira/Agadir – Southern Coast,March,11,24,2,sunny,high,best,,,,
Morocco,Essaouira/Agadir – Southern Coast,April,13,25,2,sunny,high,best,,,,
Morocco,Essaouira/Agadir – Southern Coast,May,15,26,1,sunny,high,best,,,,
Morocco,Essaouira/Agadir – Southern Coast,June,17,28,0,sunny,high,best,,,,
Morocco,Essaouira/Agadir – Southern Coast,July,19,29,0,sunny,high,best,,,,
Morocco,Essaouira/Agadir – Southern Coast,August,20,29,0,sunny,high,best,,,,
Morocco,Essaouira/Agadir – Southern Coast,September,18,28,1,sunny,high,best,,,,
Morocco,Essaouira/Agadir – Southern Coast,October,16,26,2,sunny,shoulder,best,,,,
Morocco,Essaouira/Agadir – Southern Coast,November,12,24,3,sunny,shoulder,best,,,,
Morocco,Essaouira/Agadir – Southern Coast,December,9,22,4,sunny,shoulder,best,,,,
Netherlands,,January,0,6,12,cloudy,low,poor,,,,
Netherlands,,February,0,7,10,cloudy,low,poor,,,,
Netherlands,,March,2,10,11,cloudy,shoulder,mixed,,,,
Netherlands,,April,4,14,9,mixed,shoulder,good,,,,
Netherlands,,May,8,18,9,sunny,high,best,,,,
Netherlands,,June,11,21,9,sunny,high,best,,,,
Netherlands,,July,13,23,10,sunny,high,best,,,,
Netherlands,,August,13,23,10,sunny,high,best,,,,
Netherlands,,September,10,19,11,mixed,shoulder,good,,,,
Netherlands,,October,7,14,13,mixed,shoulder,mixed,,,,
Netherlands,,November,3,9,14,mixed,low,mixed,,,,
Netherlands,,December,2,6,14,cloudy,festive,poor,,,,
Pakistan,Islamabad/Lahore – Central,January,4,16,4,mixed,shoulder,mixed,,,,
Pakistan,Islamabad/Lahore – Central,February,7,20,5,mixed,shoulder,mixed,,,,
Pakistan,Islamabad/Lahore – Central,March,12,24,6,mixed,high,mixed,,,,
Pakistan,Islamabad/Lahore – Central,April,16,31,5,sunny,high,good,,,,
Pakistan,Islamabad/Lahore – Central,May,22,36,4,sunny,low,mixed,,,,
Pakistan,Islamabad/Lahore – Central,June,26,38,6,cloudy,low,mixed,,,,
Pakistan,Islamabad/Lahore – Central,July,26,35,12,rainy,low,poor,,,,
Pakistan,Islamabad/Lahore – Central,August,25,34,13,rainy,low,poor,,,,
Pakistan,Islamabad/Lahore – Central,September,22,33,6,mixed,shoulder,mixed,,,,
Pakistan,Islamabad/Lahore – Central,October,16,29,2,sunny,high,good,,,,
Pakistan,Islamabad/Lahore – Central,November,10,23,2,sunny,high,best,,,,
Pakistan,Islamabad/Lahore – Central,December,6,18,2,mixed,shoulder,good,,,,
Pakistan,Gilgit/Skadu – Northern,January,-15,-4,5,snowy,low,poor,,,,
Pakistan,Gilgit/Skadu – Northern,February,-12,-1,6,snowy,low,poor,,,,
Pakistan,Gilgit/Skadu – Northern,March,-6,5,7,snowy,shoulder,poor,,,,
Pakistan,Gilgit/Skadu – Northern,April,0,12,6,mixed,shoulder,good,,,,
Pakistan,Gilgit/Skadu – Northern,May,5,17,4,sunny,high,best,,,,
Pakistan,Gilgit/Skadu – Northern,June,9,22,3,sunny,high,best,,,,
Pakistan,Gilgit/Skadu – Northern,July,11,25,6,rainy,high,good,,,,
Pakistan,Gilgit/Skadu – Northern,August,10,24,7,rainy,high,good,,,,
Pakistan,Gilgit/Skadu – Northern,September,6,19,5,sunny,high,best,,,,
Pakistan,Gilgit/Skadu – Northern,October,0,12,3,sunny,shoulder,best,,,,
Pakistan,Gilgit/Skadu – Northern,November,-7,4,2,mixed,shoulder,mixed,,,,
Pakistan,Gilgit/Skadu – Northern,December,-12,-2,4,snowy,low,poor,,,,
Pakistan,Karachi – South,January,13,25,1,sunny,high,best,,,,
Pakistan,Karachi – South,February,16,27,1,sunny,high,best,,,,
Pakistan,Karachi – South,March,20,30,0,sunny,high,best,,,,
Pakistan,Karachi – South,April,24,34,0,sunny,high,good,,,,
Pakistan,Karachi – South,May,27,36,1,sunny,low,mixed,,,,
Pakistan,Karachi – South,June,28,34,2,cloudy,low,mixed,,,,
Pakistan,Karachi – South,July,27,32,5,rainy,low,poor,,,,
Pakistan,Karachi – South,August,26,32,6,rainy,low,poor,,,,
Pakistan,Karachi – South,September,26,33,3,mixed,shoulder,mixed,,,,
Pakistan,Karachi – South,October,23,34,0,sunny,high,good,,,,
Pakistan,Karachi – South,November,18,31,0,sunny,high,best,,,,
Pakistan,Karachi – South,December,15,27,1,sunny,high,best,,,,
Philippines,Manila – Metro,January,22,30,3,sunny,festive,best,,,,
Philippines,Manila – Metro,February,23,31,2,sunny,high,best,,,,
Philippines,Manila – Metro,March,24,32,3,sunny,high,best,,,,
Philippines,Manila – Metro,April,25,34,5,sunny,high,poor,,,,
Philippines,Manila – Metro,May,26,33,12,rainy,low,mixed,,,,
Philippines,Manila – Metro,June,25,32,17,rainy,low,poor,,,,
Philippines,Manila – Metro,July,25,31,20,rainy,low,poor,,,,
Philippines,Manila – Metro,August,25,31,20,rainy,low,poor,,,,
Philippines,Manila – Metro,September,25,31,19,rainy,low,mixed,,,,
Philippines,Manila – Metro,October,24,31,16,rainy,low,mixed,,,,
Philippines,Manila – Metro,November,23,31,9,mixed,shoulder,good,,,,
Philippines,Manila – Metro,December,22,30,5,sunny,festive,best,,,,
Philippines,Cebu/Boracay – Visayas,January,25,30,5,sunny,high,best,,,,
Philippines,Cebu/Boracay – Visayas,February,25,30,4,sunny,high,best,,,,
Philippines,Cebu/Boracay – Visayas,March,26,31,4,sunny,high,best,,,,
Philippines,Cebu/Boracay – Visayas,April,26,32,6,sunny,high,good,,,,
Philippines,Cebu/Boracay – Visayas,May,26,32,12,rainy,shoulder,mixed,,,,
Philippines,Cebu/Boracay – Visayas,June,25,31,17,rainy,low,poor,,,,
Philippines,Cebu/Boracay – Visayas,July,25,31,18,rainy,low,poor,,,,
Philippines,Cebu/Boracay – Visayas,August,25,31,17,rainy,low,poor,,,,
Philippines,Cebu/Boracay – Visayas,September,25,31,16,rainy,shoulder,mixed,,,,
Philippines,Cebu/Boracay – Visayas,October,25,31,13,mixed,shoulder,good,,,,
Philippines,Cebu/Boracay – Visayas,November,25,30,9,sunny,high,best,,,,
Philippines,Cebu/Boracay – Visayas,December,25,30,6,sunny,festive,best,,,,
Philippines,Puerto Princesa – Palawan,January,24,31,6,sunny,high,best,,,,
Philippines,Puerto Princesa – Palawan,February,24,31,4,sunny,high,best,,,,
Philippines,Puerto Princesa – Palawan,March,25,32,4,sunny,high,best,,,,
Philippines,Puerto Princesa – Palawan,April,25,33,5,sunny,high,good,,,,
Philippines,Puerto Princesa – Palawan,May,26,33,11,rainy,shoulder,mixed,,,,
Philippines,Puerto Princesa – Palawan,June,25,32,16,rainy,low,poor,,,,
Philippines,Puerto Princesa – Palawan,July,25,32,18,rainy,low,poor,,,,
Philippines,Puerto Princesa – Palawan,August,25,32,17,rainy,low,poor,,,,
Philippines,Puerto Princesa – Palawan,September,25,32,16,rainy,shoulder,mixed,,,,
Philippines,Puerto Princesa – Palawan,October,25,31,14,mixed,shoulder,good,,,,
Philippines,Puerto Princesa – Palawan,November,24,31,10,mixed,high,good,,,,
Philippines,Puerto Princesa – Palawan,December,24,30,7,sunny,festive,best,,,,
Philippines,Baguio – Cordilleras,January,14,23,4,sunny,high,best,,,,
Philippines,Baguio – Cordilleras,February,14,24,3,sunny,high,best,,,,
Philippines,Baguio – Cordilleras,March,15,25,4,sunny,high,best,,,,
Philippines,Baguio – Cordilleras,April,16,26,7,mixed,high,good,,,,
Philippines,Baguio – Cordilleras,May,17,25,15,rainy,shoulder,mixed,,,,
Philippines,Baguio – Cordilleras,June,17,24,20,rainy,low,poor,,,,
Philippines,Baguio – Cordilleras,July,17,23,22,rainy,low,poor,,,,
Philippines,Baguio – Cordilleras,August,17,23,22,rainy,low,poor,,,,
Philippines,Baguio – Cordilleras,September,17,23,20,rainy,shoulder,mixed,,,,
Philippines,Baguio – Cordilleras,October,16,24,15,mixed,shoulder,good,,,,
Philippines,Baguio – Cordilleras,November,15,24,8,sunny,high,best,,,,
Philippines,Baguio – Cordilleras,December,14,23,5,sunny,festive,best,,,,
Singapore,,January,24,30,13,rainy,high,mixed,,,,
Singapore,,February,24,31,10,mixed,high,good,,,,
Singapore,,March,24,31,12,mixed,shoulder,good,,,,
Singapore,,April,25,32,14,rainy,shoulder,mixed,,,,
Singapore,,May,25,32,15,rainy,low,poor,,,,
Singapore,,June,25,32,13,rainy,low,poor,,,,
Singapore,,July,25,31,12,rainy,low,poor,,,,
Singapore,,August,25,31,13,rainy,low,poor,,,,
Singapore,,September,24,31,13,rainy,low,poor,,,,
Singapore,,October,24,31,16,rainy,low,poor,,,,
Singapore,,November,24,31,18,rainy,shoulder,mixed,,,,
Singapore,,December,24,30,16,rainy,festive,mixed,,,,
South Korea,Seoul – Central,January,-5,4,6,snowy,low,poor,,,,
South Korea,Seoul – Central,February,-3,7,6,snowy,low,poor,,,,
South Korea,Seoul – Central,March,2,12,7,rainy,shoulder,good,,,,
South Korea,Seoul – Central,April,8,19,8,sunny,high,best,,,,
South Korea,Seoul – Central,May,13,24,10,sunny,high,best,,,,
South Korea,Seoul – Central,June,18,28,11,rainy,low,poor,,,,
South Korea,Seoul – Central,July,21,31,14,rainy,low,poor,,,,
South Korea,Seoul – Central,August,22,31,13,rainy,low,poor,,,,
South Korea,Seoul – Central,September,17,27,8,sunny,shoulder,good,,,,
South Korea,Seoul – Central,October,10,21,6,sunny,high,best,,,,
South Korea,Seoul – Central,November,3,13,8,sunny,shoulder,good,,,,
South Korea,Seoul – Central,December,-4,6,7,snowy,low,poor,,,,
South Korea,Busan/Jeju – Coastal,January,2,9,8,cloudy,shoulder,good,,,,
South Korea,Busan/Jeju – Coastal,February,2,10,8,cloudy,shoulder,good,,,,
South Korea,Busan/Jeju – Coastal,March,5,13,10,rainy,shoulder,good,,,,
South Korea,Busan/Jeju – Coastal,April,10,18,9,sunny,high,best,,,,
South Korea,Busan/Jeju – Coastal,May,14,22,10,sunny,high,best,,,,
South Korea,Busan/Jeju – Coastal,June,18,26,11,rainy,low,poor,,,,
South Korea,Busan/Jeju – Coastal,July,22,30,14,rainy,low,poor,,,,
South Korea,Busan/Jeju – Coastal,August,23,30,13,rainy,low,poor,,,,
South Korea,Busan/Jeju – Coastal,September,19,26,10,sunny,shoulder,good,,,,
South Korea,Busan/Jeju – Coastal,October,14,22,6,sunny,high,best,,,,
South Korea,Busan/Jeju – Coastal,November,8,17,8,sunny,shoulder,good,,,,
South Korea,Busan/Jeju – Coastal,December,3,11,8,cloudy,shoulder,good,,,,
Spain,Barcelona – Coastal,January,5,13,6,sunny,shoulder,good,,,,
Spain,Barcelona – Coastal,February,6,14,5,sunny,shoulder,good,,,,
Spain,Barcelona – Coastal,March,8,16,6,sunny,shoulder,good,,,,
Spain,Barcelona – Coastal,April,10,18,6,sunny,high,best,,,,
Spain,Barcelona – Coastal,May,14,22,6,sunny,high,best,,,,
Spain,Barcelona – Coastal,June,18,26,4,sunny,high,best,,,,
Spain,Barcelona – Coastal,July,20,29,3,sunny,high,best,,,,
Spain,Barcelona – Coastal,August,21,29,4,sunny,high,best,,,,
Spain,Barcelona – Coastal,September,18,26,5,mixed,shoulder,good,,,,
Spain,Barcelona – Coastal,October,14,21,7,rainy,shoulder,good,,,,
Spain,Barcelona – Coastal,November,9,16,7,rainy,low,poor,,,,
Spain,Barcelona – Coastal,December,6,14,6,cloudy,low,poor,,,,
Spain,Madrid – Central,January,2,10,6,cloudy,low,poor,,,,
Spain,Madrid – Central,February,3,12,5,cloudy,low,poor,,,,
Spain,Madrid – Central,March,5,16,6,mixed,shoulder,good,,,,
Spain,Madrid – Central,April,7,18,7,sunny,high,best,,,,
Spain,Madrid – Central,May,11,23,7,sunny,high,best,,,,
Spain,Madrid – Central,June,15,29,4,sunny,high,best,,,,
Spain,Madrid – Central,July,18,33,2,sunny,high,best,,,,
Spain,Madrid – Central,August,18,32,2,sunny,high,best,,,,
Spain,Madrid – Central,September,15,27,4,mixed,shoulder,good,,,,
Spain,Madrid – Central,October,10,20,6,sunny,shoulder,good,,,,
Spain,Madrid – Central,November,5,14,7,rainy,low,poor,,,,
Spain,Madrid – Central,December,3,11,7,cloudy,low,poor,,,,
Spain,Seville – Andalusia,January,5,16,7,sunny,shoulder,good,,,,
Spain,Seville – Andalusia,February,6,18,6,sunny,shoulder,good,,,,
Spain,Seville – Andalusia,March,8,21,5,sunny,high,best,,,,
Spain,Seville – Andalusia,April,10,23,6,sunny,high,best,,,,
Spain,Seville – Andalusia,May,13,27,5,sunny,high,best,,,,
Spain,Seville – Andalusia,June,17,33,2,sunny,high,best,,,,
Spain,Seville – Andalusia,July,20,36,1,sunny,high,best,,,,
Spain,Seville – Andalusia,August,20,36,1,sunny,high,best,,,,
Spain,Seville – Andalusia,September,17,31,3,mixed,shoulder,good,,,,
Spain,Seville – Andalusia,October,13,25,6,sunny,shoulder,good,,,,
Spain,Seville – Andalusia,November,8,19,7,rainy,low,poor,,,,
Spain,Seville – Andalusia,December,6,16,8,cloudy,low,poor,,,,
Spain,Bilbao – Basque Country,January,5,13,14,rainy,low,poor,,,,PR
Spain,Bilbao – Basque Country,February,5,13,12,rainy,low,poor,,,,
Spain,Bilbao – Basque Country,March,6,15,11,rainy,shoulder,good,,,,
Spain,Bilbao – Basque Country,April,8,16,12,rainy,shoulder,good,,,,
Spain,Bilbao – Basque Country,May,11,19,11,rainy,low,poor,,,,
Spain,Bilbao – Basque Country,June,14,22,9,rainy,low,poor,,,,
Spain,Bilbao – Basque Country,July,16,24,7,rainy,low,poor,,,,
Spain,Bilbao – Basque Country,August,16,25,8,rainy,low,poor,,,,
Spain,Bilbao – Basque Country,September,14,23,9,rainy,shoulder,good,,,,
Spain,Bilbao – Basque Country,October,11,19,12,rainy,shoulder,good,,,,
Spain,Bilbao – Basque Country,November,8,15,14,rainy,low,poor,,,,
Spain,Bilbao – Basque Country,December,6,13,15,rainy,low,poor,,,,
Sri Lanka,Colombo/Galle – Southwest Coast ,January,22,31,6,sunny,high,best,,,,
Sri Lanka,Colombo/Galle – Southwest Coast ,February,23,32,5,sunny,high,best,,,,
Sri Lanka,Colombo/Galle – Southwest Coast ,March,24,33,9,mixed,high,good,,,,
Sri Lanka,Colombo/Galle – Southwest Coast ,April,25,33,13,rainy,low,poor,,,,
Sri Lanka,Colombo/Galle – Southwest Coast ,May,26,32,16,rainy,low,poor,,,,
Sri Lanka,Colombo/Galle – Southwest Coast ,June,26,31,14,rainy,low,poor,,,,
Sri Lanka,Colombo/Galle – Southwest Coast ,July,26,31,12,cloudy,shoulder,mixed,,,,
Sri Lanka,Colombo/Galle – Southwest Coast ,August,25,31,11,cloudy,shoulder,good,,,,
Sri Lanka,Colombo/Galle – Southwest Coast ,September,25,31,13,rainy,shoulder,mixed,,,,
Sri Lanka,Colombo/Galle – Southwest Coast ,October,24,31,17,rainy,low,poor,,,,
Sri Lanka,Colombo/Galle – Southwest Coast ,November,23,31,15,rainy,low,mixed,,,,
Sri Lanka,Colombo/Galle – Southwest Coast ,December,22,31,10,mixed,high,good,,,,
Sri Lanka,Kandy/Ella – Central,January,16,27,6,sunny,high,best,,,,
Sri Lanka,Kandy/Ella – Central,February,16,28,5,sunny,high,best,,,,
Sri Lanka,Kandy/Ella – Central,March,17,29,7,mixed,high,good,,,,
Sri Lanka,Kandy/Ella – Central,April,18,29,11,rainy,shoulder,mixed,,,,
Sri Lanka,Kandy/Ella – Central,May,19,28,15,rainy,low,poor,,,,
Sri Lanka,Kandy/Ella – Central,June,19,27,14,rainy,low,poor,,,,
Sri Lanka,Kandy/Ella – Central,July,19,27,13,rainy,low,poor,,,,
Sri Lanka,Kandy/Ella – Central,August,19,27,12,cloudy,shoulder,mixed,,,,
Sri Lanka,Kandy/Ella – Central,September,19,27,13,rainy,shoulder,mixed,,,,
Sri Lanka,Kandy/Ella – Central,October,18,27,16,rainy,low,poor,,,,
Sri Lanka,Kandy/Ella – Central,November,17,27,15,rainy,low,mixed,,,,
Sri Lanka,Kandy/Ella – Central,December,16,27,9,mixed,high,good,,,,
Sri Lanka,Jaffna – Northern,January,22,29,4,sunny,high,best,,,,
Sri Lanka,Jaffna – Northern,February,23,30,3,sunny,high,best,,,,
Sri Lanka,Jaffna – Northern,March,24,32,4,sunny,high,best,,,,
Sri Lanka,Jaffna – Northern,April,26,34,6,sunny,high,good,,,,
Sri Lanka,Jaffna – Northern,May,27,34,7,mixed,shoulder,mixed,,,,
Sri Lanka,Jaffna – Northern,June,27,33,5,cloudy,low,good,,,,
Sri Lanka,Jaffna – Northern,July,27,33,4,cloudy,low,good,,,,
Sri Lanka,Jaffna – Northern,August,27,33,5,cloudy,low,good,,,,
Sri Lanka,Jaffna – Northern,September,26,33,7,mixed,shoulder,mixed,,,,
Sri Lanka,Jaffna – Northern,October,25,32,13,rainy,low,poor,,,,
Sri Lanka,Jaffna – Northern,November,24,31,15,rainy,low,poor,,,,
Sri Lanka,Jaffna – Northern,December,23,30,9,mixed,high,good,,,,
Switzerland,Bern – Central Plateau,January,-3,4,10,snowy,low,mixed,snowfall,,,PR
Switzerland,Bern – Central Plateau,February,-3,6,9,snowy,low,mixed,snowfall,,,PR
Switzerland,Bern – Central Plateau,March,1,11,10,mixed,shoulder,good,,,,PR
Switzerland,Bern – Central Plateau,April,3,15,10,mixed,shoulder,good,,,,PR
Switzerland,Bern – Central Plateau,May,7,19,12,sunny,high,best,,,,PR
Switzerland,Bern – Central Plateau,June,11,23,11,sunny,high,best,,,,PR
Switzerland,Bern – Central Plateau,July,13,25,11,sunny,high,best,,,,PR
Switzerland,Bern – Central Plateau,August,13,25,11,sunny,high,best,,,,PR
Switzerland,Bern – Central Plateau,September,9,20,9,sunny,high,best,,,,PR
Switzerland,Bern – Central Plateau,October,6,15,10,mixed,shoulder,good,,,,PR
Switzerland,Bern – Central Plateau,November,1,8,10,snowy,low,mixed,snowfall,,,PR
Switzerland,Bern – Central Plateau,December,-2,4,10,snowy,festive,mixed,snowstorm,Christmas Markets,,PR
Switzerland,Zurich – North,January,-1,4,10,snowy,low,mixed,snowfall,,,PR
Switzerland,Zurich – North,February,-1,5,9,snowy,low,mixed,snowfall,,,PR
Switzerland,Zurich – North,March,2,10,10,mixed,shoulder,good,,,,PR
Switzerland,Zurich – North,April,5,15,11,mixed,shoulder,good,,,,PR
Switzerland,Zurich – North,May,9,19,13,sunny,high,best,,,,PR
Switzerland,Zurich – North,June,13,22,12,sunny,high,best,,,,PR
Switzerland,Zurich – North,July,15,24,12,sunny,high,best,,,,PR
Switzerland,Zurich – North,August,14,24,12,sunny,high,best,,,,PR
Switzerland,Zurich – North,September,11,19,10,sunny,high,best,,,,PR
Switzerland,Zurich – North,October,7,14,10,mixed,shoulder,good,,,,PR
Switzerland,Zurich – North,November,3,8,10,snowy,low,mixed,snowfall,,,PR
Switzerland,Zurich – North,December,-1,4,11,snowy,festive,mixed,snowstorm,Christmas Markets,,PR
Switzerland,Geneva – Lake Region,January,-1,5,9,snowy,low,mixed,snowfall,,,PR
Switzerland,Geneva – Lake Region,February,0,7,8,snowy,low,mixed,snowfall,,,PR
Switzerland,Geneva – Lake Region,March,2,12,9,mixed,shoulder,good,,,,PR
Switzerland,Geneva – Lake Region,April,5,16,10,mixed,shoulder,good,,,,PR
Switzerland,Geneva – Lake Region,May,9,21,12,sunny,high,best,,,,PR
Switzerland,Geneva – Lake Region,June,13,25,11,sunny,high,best,,,,PR
Switzerland,Geneva – Lake Region,July,15,27,9,sunny,high,best,,,,PR
Switzerland,Geneva – Lake Region,August,15,27,9,sunny,high,best,,,,PR
Switzerland,Geneva – Lake Region,September,11,22,9,sunny,high,best,,,,PR
Switzerland,Geneva – Lake Region,October,7,16,10,mixed,shoulder,good,,,,PR
Switzerland,Geneva – Lake Region,November,2,10,10,snowy,low,mixed,snowfall,,,PR
Switzerland,Geneva – Lake Region,December,0,6,10,snowy,festive,mixed,snowstorm,Christmas Markets,,PR
Switzerland,Zermatt – Alps,January,-7,1,6,snowy,low,poor,avalanche risk,,yes,PR
Switzerland,Zermatt – Alps,February,-7,2,6,snowy,low,poor,avalanche risk,,yes,PR
Switzerland,Zermatt – Alps,March,-4,6,5,snowy,shoulder,mixed,avalanche risk,,yes,PR
Switzerland,Zermatt – Alps,April,-1,10,6,mixed,shoulder,mixed,,,yes,PR
Switzerland,Zermatt – Alps,May,3,14,10,mixed,high,good,,,yes,PR
Switzerland,Zermatt – Alps,June,7,18,10,sunny,high,best,,,yes,PR
Switzerland,Zermatt – Alps,July,8,20,9,sunny,high,best,,,yes,PR
Switzerland,Zermatt – Alps,August,8,20,10,sunny,high,best,,,yes,PR
Switzerland,Zermatt – Alps,September,5,15,7,sunny,high,best,,,yes,PR
Switzerland,Zermatt – Alps,October,1,11,7,mixed,shoulder,good,,,yes,PR
Switzerland,Zermatt – Alps,November,-3,5,7,snowy,low,mixed,snowfall,,yes,PR
Switzerland,Zermatt – Alps,December,-6,2,7,snowy,festive,mixed,snowstorm,Christmas Markets,yes,PR
Switzerland,Lugano – South,January,1,7,6,cloudy,low,good,,,yes,PR
Switzerland,Lugano – South,February,2,9,5,mixed,low,good,,,yes,PR
Switzerland,Lugano – South,March,5,14,6,mixed,shoulder,good,,,yes,PR
Switzerland,Lugano – South,April,9,17,10,mixed,shoulder,good,,,yes,PR
Switzerland,Lugano – South,May,12,21,12,sunny,high,best,,,yes,PR
Switzerland,Lugano – South,June,16,25,10,sunny,high,best,,,yes,PR
Switzerland,Lugano – South,July,18,27,8,sunny,high,best,heatwave,,yes,PR
Switzerland,Lugano – South,August,18,27,10,sunny,high,best,heatwave,,yes,PR
Switzerland,Lugano – South,September,14,22,9,sunny,high,best,,,yes,PR
Switzerland,Lugano – South,October,10,17,9,mixed,shoulder,good,,,yes,PR
Switzerland,Lugano – South,November,6,12,10,mixed,low,good,,,yes,PR
Switzerland,Lugano – South,December,2,8,6,cloudy,festive,good,,Christmas Markets,yes,PR
Switzerland,Davos – East,January,-9,0,9,snowy,low,poor,avalanche risk,,yes,PR
Switzerland,Davos – East,February,-9,1,8,snowy,low,poor,avalanche risk,,yes,PR
Switzerland,Davos – East,March,-5,5,9,snowy,shoulder,mixed,avalanche risk,,yes,PR
Switzerland,Davos – East,April,-2,8,9,mixed,shoulder,mixed,,,yes,PR
Switzerland,Davos – East,May,2,13,12,mixed,high,good,,,yes,PR
Switzerland,Davos – East,June,6,17,14,sunny,high,best,,,yes,PR
Switzerland,Davos – East,July,8,19,14,sunny,high,best,,,yes,PR
Switzerland,Davos – East,August,8,18,14,sunny,high,best,,,yes,PR
Switzerland,Davos – East,September,4,14,10,sunny,high,best,,,yes,PR
Switzerland,Davos – East,October,1,11,9,mixed,shoulder,good,,,yes,PR
Switzerland,Davos – East,November,-4,5,10,snowy,low,mixed,snowfall,,yes,PR
Switzerland,Davos – East,December,-7,1,10,snowy,festive,mixed,snowstorm,Christmas Markets,yes,PR
Switzerland,Lucerne – Central,January,-2,4,10,snowy,low,mixed,snowfall,,yes,PR
Switzerland,Lucerne – Central,February,-2,6,8,snowy,low,mixed,snowfall,,yes,PR
Switzerland,Lucerne – Central,March,2,11,11,mixed,shoulder,good,,,yes,PR
Switzerland,Lucerne – Central,April,5,15,11,mixed,shoulder,good,,,yes,PR
Switzerland,Lucerne – Central,May,9,19,13,sunny,high,best,,,yes,PR
Switzerland,Lucerne – Central,June,13,23,13,sunny,high,best,,,yes,PR
Switzerland,Lucerne – Central,July,15,25,13,sunny,high,best,,,yes,PR
Switzerland,Lucerne – Central,August,14,24,13,sunny,high,best,,,yes,PR
Switzerland,Lucerne – Central,September,11,20,10,sunny,high,best,,,yes,PR
Switzerland,Lucerne – Central,October,7,14,10,mixed,shoulder,good,,,yes,PR
Switzerland,Lucerne – Central,November,2,8,10,snowy,low,mixed,snowfall,,yes,PR
Switzerland,Lucerne – Central,December,-1,5,10,snowy,festive,mixed,snowstorm,Christmas Markets,yes,PR
Thailand,Bangkok – Central,January,21,32,1,sunny,high,best,,,,
Thailand,Bangkok – Central,February,23,33,1,sunny,high,best,,,,
Thailand,Bangkok – Central,March,25,35,2,sunny,high,best,,,,
Thailand,Bangkok – Central,April,26,36,5,sunny,high,best,,,,
Thailand,Bangkok – Central,May,26,35,13,rainy,low,mixed,,,,
Thailand,Bangkok – Central,June,25,34,14,rainy,low,mixed,,,,
Thailand,Bangkok – Central,July,25,33,15,rainy,low,mixed,,,,
Thailand,Bangkok – Central,August,25,33,16,rainy,low,mixed,,,,
Thailand,Bangkok – Central,September,25,33,18,rainy,low,mixed,,,,
Thailand,Bangkok – Central,October,24,33,16,rainy,low,mixed,,,,
Thailand,Bangkok – Central,November,23,33,5,sunny,high,best,,,,
Thailand,Bangkok – Central,December,21,32,1,sunny,high,best,,,,
Thailand,Chiang Mai – Northern,January,15,29,1,sunny,high,best,,,,
Thailand,Chiang Mai – Northern,February,16,32,1,sunny,high,best,,,,
Thailand,Chiang Mai – Northern,March,19,35,3,sunny,high,best,,,,
Thailand,Chiang Mai – Northern,April,22,37,7,sunny,high,best,,,,
Thailand,Chiang Mai – Northern,May,23,34,15,rainy,low,mixed,,,,
Thailand,Chiang Mai – Northern,June,24,33,17,rainy,low,mixed,,,,
Thailand,Chiang Mai – Northern,July,24,32,18,rainy,low,mixed,,,,
Thailand,Chiang Mai – Northern,August,24,32,19,rainy,low,mixed,,,,
Thailand,Chiang Mai – Northern,September,23,32,17,rainy,low,mixed,,,,
Thailand,Chiang Mai – Northern,October,22,32,11,rainy,shoulder,mixed,,,,
Thailand,Chiang Mai – Northern,November,19,31,4,sunny,high,best,,,,
Thailand,Chiang Mai – Northern,December,15,29,1,sunny,high,best,,,,
Thailand,Phuket – Southern,January,23,32,4,sunny,high,best,,,,
Thailand,Phuket – Southern,February,23,33,3,sunny,high,best,,,,
Thailand,Phuket – Southern,March,24,34,5,sunny,high,best,,,,
Thailand,Phuket – Southern,April,24,34,12,rainy,shoulder,mixed,,,,
Thailand,Phuket – Southern,May,24,33,19,rainy,low,poor,,,,
Thailand,Phuket – Southern,June,24,32,19,rainy,low,poor,,,,
Thailand,Phuket – Southern,July,24,32,19,rainy,low,poor,,,,
Thailand,Phuket – Southern,August,24,32,19,rainy,low,poor,,,,
Thailand,Phuket – Southern,September,24,32,20,rainy,low,poor,,,,
Thailand,Phuket – Southern,October,24,32,19,rainy,low,poor,,,,
Thailand,Phuket – Southern,November,24,32,15,rainy,shoulder,mixed,,,,
Thailand,Phuket – Southern,December,23,32,8,sunny,high,best,,,,
Thailand,Koh Samui – Gulf,January,24,29,9,rainy,shoulder,mixed,,,,
Thailand,Koh Samui – Gulf,February,24,30,4,sunny,high,best,,,,
Thailand,Koh Samui – Gulf,March,25,32,5,sunny,high,best,,,,
Thailand,Koh Samui – Gulf,April,26,33,8,sunny,high,best,,,,
Thailand,Koh Samui – Gulf,May,26,33,16,rainy,low,mixed,,,,
Thailand,Koh Samui – Gulf,June,26,32,15,rainy,low,mixed,,,,
Thailand,Koh Samui – Gulf,July,25,32,16,rainy,low,mixed,,,,
Thailand,Koh Samui – Gulf,August,25,32,16,rainy,low,mixed,,,,
Thailand,Koh Samui – Gulf,September,25,32,16,rainy,low,mixed,,,,
Thailand,Koh Samui – Gulf,October,24,31,19,rainy,low,poor,,,,
Thailand,Koh Samui – Gulf,November,24,30,19,rainy,low,poor,,,,
Thailand,Koh Samui – Gulf,December,24,29,14,rainy,shoulder,mixed,,,,
United Kingdom,London – Central/South England,January,2.1,7.3,8,rainy,low,mixed,,,,
United Kingdom,London – Central/South England,February,2,7.8,7,rainy,low,mixed,,,,
United Kingdom,London – Central/South England,March,3.1,10.3,8,cloudy,shoulder,best,,,,
United Kingdom,London – Central/South England,April,5.1,13.6,9,mixed,shoulder,best,,,,
United Kingdom,London – Central/South England,May,8.4,16.7,8,mixed,high,best,,,,
United Kingdom,London – Central/South England,June,11.4,19.6,7,sunny,high,good,,,,
United Kingdom,London – Central/South England,July,13.6,21.8,8,sunny,high,good,,,,
United Kingdom,London – Central/South England,August,13.3,21.1,8,cloudy,high,good,,,,
United Kingdom,London – Central/South England,September,11.3,18.8,7,mixed,shoulder,best,,,,
United Kingdom,London – Central/South England,October,8.6,14.9,8,mixed,shoulder,good,,,,
United Kingdom,London – Central/South England,November,4.9,10.4,8,rainy,low,mixed,,,,
United Kingdom,London – Central/South England,December,2.8,7.7,8,rainy,festive,mixed,,Christmas Markets,,
United Kingdom,Manchester – North England,January,2,7,16,rainy,low,mixed,,,,
United Kingdom,Manchester – North England,February,2,7,14,rainy,low,mixed,,,,
United Kingdom,Manchester – North England,March,3,9,14,cloudy,shoulder,good,,,,
United Kingdom,Manchester – North England,April,5,12,12,mixed,shoulder,good,,,,
United Kingdom,Manchester – North England,May,8,16,11,mixed,high,good,,,,
United Kingdom,Manchester – North England,June,11,18,11,cloudy,high,good,,,,
United Kingdom,Manchester – North England,July,13,20,12,cloudy,high,good,,,,
United Kingdom,Manchester – North England,August,13,19,12,cloudy,high,good,,,,
United Kingdom,Manchester – North England,September,10,16,11,cloudy,shoulder,good,,,,
United Kingdom,Manchester – North England,October,7,12,15,rainy,shoulder,mixed,,,,
United Kingdom,Manchester – North England,November,4,8,16,rainy,low,mixed,,,,
United Kingdom,Manchester – North England,December,2,6,16,rainy,low,mixed,,Christmas Markets,,
United Kingdom,Cardiff – Wales,January,2,8,15,rainy,low,mixed,,,yes,
United Kingdom,Cardiff – Wales,February,2,8,13,rainy,low,mixed,,,yes,
United Kingdom,Cardiff – Wales,March,3,10,14,cloudy,shoulder,good,,,yes,
United Kingdom,Cardiff – Wales,April,4,13,12,mixed,shoulder,best,,,yes,
United Kingdom,Cardiff – Wales,May,7,16,11,sunny,high,best,,,yes,
United Kingdom,Cardiff – Wales,June,10,19,10,sunny,high,best,,,yes,
United Kingdom,Cardiff – Wales,July,12,21,8,cloudy,high,good,,,yes,
United Kingdom,Cardiff – Wales,August,12,21,9,cloudy,high,good,,,yes,
United Kingdom,Cardiff – Wales,September,10,18,11,cloudy,shoulder,good,,,yes,
United Kingdom,Cardiff – Wales,October,7,14,14,rainy,shoulder,mixed,,,yes,
United Kingdom,Cardiff – Wales,November,4,10,16,rainy,low,mixed,,,yes,
United Kingdom,Cardiff – Wales,December,2,8,16,rainy,low,mixed,,,yes,
United Kingdom,Penzance – Cornwall,January,4,9,15,rainy,low,mixed,,,yes,
United Kingdom,Penzance – Cornwall,February,4,9,12,rainy,low,mixed,,,yes,
United Kingdom,Penzance – Cornwall,March,5,11,11,cloudy,shoulder,good,,,yes,
United Kingdom,Penzance – Cornwall,April,6,13,9,mixed,shoulder,best,,,yes,
United Kingdom,Penzance – Cornwall,May,9,16,8,sunny,high,best,,,yes,
United Kingdom,Penzance – Cornwall,June,12,19,7,sunny,high,best,,,yes,
United Kingdom,Penzance – Cornwall,July,14,20,7,sunny,high,best,,,yes,
United Kingdom,Penzance – Cornwall,August,14,20,8,sunny,high,best,,,yes,
United Kingdom,Penzance – Cornwall,September,12,18,9,cloudy,shoulder,good,,,yes,
United Kingdom,Penzance – Cornwall,October,9,14,13,rainy,shoulder,mixed,,,yes,
United Kingdom,Penzance – Cornwall,November,6,10,15,rainy,low,mixed,,,yes,
United Kingdom,Penzance – Cornwall,December,4,9,15,rainy,low,mixed,,,yes,
United Kingdom,Edinburgh – Scottish Lowlands,January,1.3,5.3,15,rainy,low,mixed,,,,
United Kingdom,Edinburgh – Scottish Lowlands,February,1.2,5.8,12,rainy,low,mixed,,,,
United Kingdom,Edinburgh – Scottish Lowlands,March,1.9,7.5,13,cloudy,shoulder,good,,,,
United Kingdom,Edinburgh – Scottish Lowlands,April,3.7,10.1,13,mixed,shoulder,best,,,,
United Kingdom,Edinburgh – Scottish Lowlands,May,6.3,12.9,13,mixed,high,best,,,,
United Kingdom,Edinburgh – Scottish Lowlands,June,9.2,15.3,14,cloudy,high,good,,,,
United Kingdom,Edinburgh – Scottish Lowlands,July,11.1,17.2,14,cloudy,high,good,,,,
United Kingdom,Edinburgh – Scottish Lowlands,August,10.9,16.7,14,cloudy,festive,good,,Edinburgh Fringe Festival,,
United Kingdom,Edinburgh – Scottish Lowlands,September,9.3,14.9,12,mixed,shoulder,good,,,,
United Kingdom,Edinburgh – Scottish Lowlands,October,6.8,11.5,13,rainy,shoulder,mixed,,,,
United Kingdom,Edinburgh – Scottish Lowlands,November,3.7,7.8,14,rainy,low,mixed,,,,
United Kingdom,Edinburgh – Scottish Lowlands,December,1.6,5.6,13,rainy,low,mixed,,Christmas Markets,,
United Kingdom,Inverness – Scottish Highlands,January,0.7,4.7,13,snowy,low,poor,,,yes,PR
United Kingdom,Inverness – Scottish Highlands,February,0.4,5.4,11,snowy,low,poor,,,yes,PR
United Kingdom,Inverness – Scottish Highlands,March,1.4,7.5,12,mixed,low,mixed,,,yes,PR
United Kingdom,Inverness – Scottish Highlands,April,3.3,10.4,12,mixed,shoulder,good,,,yes,PR
United Kingdom,Inverness – Scottish Highlands,May,5.9,13.2,12,mixed,high,best,,,yes,PR
United Kingdom,Inverness – Scottish Highlands,June,8.9,15.4,12,cloudy,high,best,,,yes,PR
United Kingdom,Inverness – Scottish Highlands,July,10.9,17.3,12,cloudy,high,best,,,yes,PR
United Kingdom,Inverness – Scottish Highlands,August,10.6,16.6,12,cloudy,high,best,,,yes,PR
United Kingdom,Inverness – Scottish Highlands,September,8.9,14.6,11,cloudy,shoulder,good,,,yes,PR
United Kingdom,Inverness – Scottish Highlands,October,5.9,11,12,rainy,low,mixed,,,yes,PR
United Kingdom,Inverness – Scottish Highlands,November,2.9,7.3,11,snowy,low,poor,,,yes,PR
United Kingdom,Inverness – Scottish Highlands,December,0.7,5,11,snowy,low,poor,,,yes,PR
United Kingdom,Belfast – Northern Ireland,January,3.4,7,15,rainy,low,mixed,,,yes,PR
United Kingdom,Belfast – Northern Ireland,February,3.2,7.2,13,rainy,low,mixed,,,yes,PR
United Kingdom,Belfast – Northern Ireland,March,3.7,8.5,14,cloudy,shoulder,good,,,yes,PR
United Kingdom,Belfast – Northern Ireland,April,5.4,10.5,14,mixed,shoulder,good,,,yes,PR
United Kingdom,Belfast – Northern Ireland,May,7.8,13.2,15,mixed,high,best,,,yes,PR
United Kingdom,Belfast – Northern Ireland,June,10.4,15.5,13,cloudy,high,best,,,yes,PR
United Kingdom,Belfast – Northern Ireland,July,12.1,17,15,cloudy,festive,good,,Battle of the Boyne,yes,PR
United Kingdom,Belfast – Northern Ireland,August,12.1,16.8,15,cloudy,high,good,,,yes,PR
United Kingdom,Belfast – Northern Ireland,September,10.9,15.3,13,cloudy,shoulder,best,,,yes,PR
United Kingdom,Belfast – Northern Ireland,October,8.7,12.4,14,rainy,shoulder,good,,,yes,PR
United Kingdom,Belfast – Northern Ireland,November,5.8,9.3,15,rainy,low,mixed,,,yes,PR
United Kingdom,Belfast – Northern Ireland,December,3.9,7.5,14,rainy,low,mixed,,Christmas Markets,yes,PR
Vietnam,Hanoi – Northern,January,14,20,9,cloudy,festive,mixed,,Tet Holidays,,PR
Vietnam,Hanoi – Northern,February,15,21,11,mixed,shoulder,good,,Tet Holidays,,PR
Vietnam,Hanoi – Northern,March,18,24,14,mixed,shoulder,good,humidity,,,PR
Vietnam,Hanoi – Northern,April,21,28,14,mixed,high,best,,,,PR
Vietnam,Hanoi – Northern,May,24,32,16,mixed,high,good,heatwave,,,PR
Vietnam,Hanoi – Northern,June,26,33,17,rainy,low,mixed,heatwave,,,PR
Vietnam,Hanoi – Northern,July,26,33,18,rainy,low,poor,"heavy rain, typhoon risk",,,PR
Vietnam,Hanoi – Northern,August,26,32,18,rainy,low,poor,"heavy rain, typhoon risk",,,PR
Vietnam,Hanoi – Northern,September,24,31,15,rainy,shoulder,mixed,,,,PR
Vietnam,Hanoi – Northern,October,22,29,12,mixed,shoulder,good,,,,PR
Vietnam,Hanoi – Northern,November,19,26,9,sunny,high,best,,,,PR
Vietnam,Hanoi – Northern,December,16,22,7,sunny,shoulder,good,,,,PR
Vietnam,Ho Chi Minh City – Southern,January,22,32,2,sunny,festive,best,,Tet Holidays,,PR
Vietnam,Ho Chi Minh City – Southern,February,23,33,2,sunny,festive,best,,Tet Holidays,,PR
Vietnam,Ho Chi Minh City – Southern,March,24,34,5,sunny,high,good,heatwave,,,PR
Vietnam,Ho Chi Minh City – Southern,April,25,35,10,rainy,shoulder,mixed,extreme heat,,,PR
Vietnam,Ho Chi Minh City – Southern,May,25,34,18,rainy,low,poor,monsoon,,,PR
Vietnam,Ho Chi Minh City – Southern,June,24,32,20,rainy,low,poor,monsoon,,,PR
Vietnam,Ho Chi Minh City – Southern,July,24,32,21,rainy,low,poor,monsoon,,,PR
Vietnam,Ho Chi Minh City – Southern,August,24,32,20,rainy,low,poor,monsoon,,,PR
Vietnam,Ho Chi Minh City – Southern,September,24,31,19,rainy,low,mixed,,,,PR
Vietnam,Ho Chi Minh City – Southern,October,23,31,17,rainy,shoulder,mixed,,,,PR
Vietnam,Ho Chi Minh City – Southern,November,23,31,10,mixed,high,good,,,,PR
Vietnam,Ho Chi Minh City – Southern,December,22,31,5,sunny,high,best,,,,PR
Vietnam,Da Nang/Hue/Hoi An – Central,January,18,24,13,cloudy,festive,good,,Tet Holidays,,
Vietnam,Da Nang/Hue/Hoi An – Central,February,19,25,8,cloudy,festive,best,,tet Holidays,,
Vietnam,Da Nang/Hue/Hoi An – Central,March,21,28,7,sunny,high,best,,,,
Vietnam,Da Nang/Hue/Hoi An – Central,April,23,31,6,sunny,high,best,heatwave,,,
Vietnam,Da Nang/Hue/Hoi An – Central,May,24,33,8,sunny,high,good,heatwave,,,
Vietnam,Da Nang/Hue/Hoi An – Central,June,25,34,7,sunny,high,good,typhoon risk,,,
Vietnam,Da Nang/Hue/Hoi An – Central,July,25,34,8,sunny,high,good,typhoon risk,,,
Vietnam,Da Nang/Hue/Hoi An – Central,August,25,34,11,rainy,high,mixed,flooding,,,
Vietnam,Da Nang/Hue/Hoi An – Central,September,24,32,15,rainy,shoulder,mixed,typhoon risk,,,
Vietnam,Da Nang/Hue/Hoi An – Central,October,23,29,21,rainy,low,poor,flooding,,,
Vietnam,Da Nang/Hue/Hoi An – Central,November,21,27,19,rainy,low,poor,,,,
Vietnam,Da Nang/Hue/Hoi An – Central,December,19,25,16,cloudy,shoulder,mixed,,,,
Vietnam,Sapa – Northwest Mountains,January,4,14,11,snowy,low,mixed,Frost,Tet Holidays,yes,
Vietnam,Sapa – Northwest Mountains,February,6,15,11,mixed,festive,mixed,,Tet Holidays,yes,
Vietnam,Sapa – Northwest Mountains,March,9,19,13,mixed,shoulder,good,,,yes,
Vietnam,Sapa – Northwest Mountains,April,13,22,14,sunny,high,best,,,yes,
Vietnam,Sapa – Northwest Mountains,May,16,25,16,mixed,high,good,,,yes,
Vietnam,Sapa – Northwest Mountains,June,18,27,18,rainy,low,poor,heavy rain,,yes,
Vietnam,Sapa – Northwest Mountains,July,18,27,20,rainy,low,poor,landslide risk,,yes,
Vietnam,Sapa – Northwest Mountains,August,18,27,19,rainy,low,poor,flooding,,yes,
Vietnam,Sapa – Northwest Mountains,September,16,25,14,mixed,shoulder,good,,,yes,
Vietnam,Sapa – Northwest Mountains,October,13,21,11,sunny,high,best,,,yes,
Vietnam,Sapa – Northwest Mountains,November,8,17,8,sunny,low,good,,,yes,
Vietnam,Sapa – Northwest Mountains,December,4,13,7,snowy,low,mixed,Frost,,yes,
Vietnam,Ninh Binh – North,January,14,20,9,cloudy,low,good,,Tet Holiday,yes,
Vietnam,Ninh Binh – North,February,15,21,11,mixed,festive,mixed,,Tet Holiday,yes,
Vietnam,Ninh Binh – North,March,18,24,14,mixed,shoulder,good,humidity,,yes,
Vietnam,Ninh Binh – North,April,21,28,13,sunny,high,best,,,yes,
Vietnam,Ninh Binh – North,May,24,32,14,sunny,high,best,heatwave,,yes,
Vietnam,Ninh Binh – North,June,26,34,15,mixed,high,good,heatwave,,yes,
Vietnam,Ninh Binh – North,July,26,34,16,rainy,high,mixed,heavy rain,,yes,
Vietnam,Ninh Binh – North,August,25,33,16,rainy,high,mixed,flooding,,yes,
Vietnam,Ninh Binh – North,September,24,31,13,rainy,shoulder,mixed,typhoon risk,,yes,
Vietnam,Ninh Binh – North,October,21,28,10,mixed,shoulder,good,,,yes,
Vietnam,Ninh Binh – North,November,18,25,7,sunny,high,best,,,yes,
Vietnam,Ninh Binh – North,December,15,22,6,sunny,low,good,,,yes,
Vietnam,Nha Trang – South Central,January,21,28,8,sunny,high,best,,,yes,
Vietnam,Nha Trang – South Central,February,22,29,5,sunny,high,best,,,yes,
Vietnam,Nha Trang – South Central,March,23,31,6,sunny,high,best,heatwave,,yes,
Vietnam,Nha Trang – South Central,April,24,33,8,sunny,high,best,heatwave,,yes,
Vietnam,Nha Trang – South Central,May,25,34,12,mixed,high,good,heatwave,,yes,
Vietnam,Nha Trang – South Central,June,25,34,14,rainy,low,poor,typhoon risk,,yes,
Vietnam,Nha Trang – South Central,July,25,33,15,rainy,low,poor,typhoon risk,,yes,
Vietnam,Nha Trang – South Central,August,25,33,16,rainy,low,poor,typhoon risk,,yes,
Vietnam,Nha Trang – South Central,September,24,32,18,rainy,low,poor,typhoon risk,,yes,
Vietnam,Nha Trang – South Central,October,23,30,19,rainy,low,poor,flooding,,yes,
Vietnam,Nha Trang – South Central,November,22,29,16,rainy,shoulder,mixed,,,yes,
Vietnam,Nha Trang – South Central,December,21,28,12,mixed,high,good,,,yes,
Vietnam,Da Lat – Central Highlands,January,12,22,5,sunny,high,best,,,yes,
Vietnam,Da Lat – Central Highlands,February,12,24,4,sunny,high,best,,,yes,
Vietnam,Da Lat – Central Highlands,March,13,25,7,mixed,high,good,,,yes,
Vietnam,Da Lat – Central Highlands,April,14,26,10,mixed,high,good,,,yes,
Vietnam,Da Lat – Central Highlands,May,15,25,17,rainy,low,mixed,,,yes,
Vietnam,Da Lat – Central Highlands,June,15,24,18,rainy,low,poor,heavy rain,,yes,
Vietnam,Da Lat – Central Highlands,July,15,23,20,rainy,low,poor,heavy rain,,yes,
Vietnam,Da Lat – Central Highlands,August,15,23,19,rainy,low,poor,heavy rain,,yes,
Vietnam,Da Lat – Central Highlands,September,15,24,17,rainy,low,mixed,,,yes,
Vietnam,Da Lat – Central Highlands,October,14,23,14,mixed,shoulder,good,,,yes,
Vietnam,Da Lat – Central Highlands,November,13,22,8,sunny,high,best,,,yes,
Vietnam,Da Lat – Central Highlands,December,12,21,6,sunny,high,best,,,yes,
Vietnam,Phu Quoc Island – Southern,January,23,30,4,sunny,festive,best,,Tet Holidays,yes,
Vietnam,Phu Quoc Island – Southern,February,24,31,3,sunny,festive,best,,tet Holidays,yes,
Vietnam,Phu Quoc Island – Southern,March,26,32,6,sunny,high,best,heatwave,,yes,
Vietnam,Phu Quoc Island – Southern,April,26,33,10,mixed,high,good,heatwave,,yes,
Vietnam,Phu Quoc Island – Southern,May,25,32,16,rainy,low,poor,monsoon,,yes,
Vietnam,Phu Quoc Island – Southern,June,25,31,18,rainy,low,poor,monsoon,,yes,
Vietnam,Phu Quoc Island – Southern,July,25,30,19,rainy,low,poor,monsoon,,yes,
Vietnam,Phu Quoc Island – Southern,August,25,30,18,rainy,low,poor,monsoon,,yes,
Vietnam,Phu Quoc Island – Southern,September,24,30,17,rainy,low,poor,monsoon,,yes,
Vietnam,Phu Quoc Island – Southern,October,24,30,16,rainy,shoulder,mixed,monsoon,,yes,
Vietnam,Phu Quoc Island – Southern,November,24,30,12,mixed,high,good,,,yes,
Vietnam,Phu Quoc Island – Southern,December,24,30,8,sunny,high,best,,,yes,
Taiwan,Taipei – North,January,16,19,14,cloudy,low,good,,Lunar New Year,,
Taiwan,Taipei – North,February,16,20,15,mixed,festive,mixed,,Lunar New Year/Lantern Festival,,
Taiwan,Taipei – North,March,18,22,16,mixed,shoulder,good,,,,
Taiwan,Taipei – North,April,21,26,14,mixed,shoulder,good,,,,
Taiwan,Taipei – North,May,24,29,15,sunny,high,best,humidity,,,
Taiwan,Taipei – North,June,26,32,13,sunny,high,good,typhoon risk,,,
Taiwan,Taipei – North,July,28,34,11,sunny,high,good,typhoon risk,heatwave,,
Taiwan,Taipei – North,August,28,33,13,sunny,high,good,typhoon risk,heatwave,,
Taiwan,Taipei – North,September,26,31,14,mixed,shoulder,mixed,typhoon risk,,,
Taiwan,Taipei – North,October,24,28,13,sunny,shoulder,best,,,,
Taiwan,Taipei – North,November,21,25,13,cloudy,low,good,,,,
Taiwan,Taipei – North,December,18,21,13,cloudy,festive,good,,Christmas,,
Taiwan,Taichung – Central,January,16,21,9,cloudy,low,good,,Lunar New Year,,
Taiwan,Taichung – Central,February,17,22,11,mixed,festive,mixed,,Lunar New Year/Lantern Festival,,
Taiwan,Taichung – Central,March,19,24,12,mixed,shoulder,good,,,,
Taiwan,Taichung – Central,April,22,27,11,mixed,shoulder,good,,,,
Taiwan,Taichung – Central,May,25,30,13,sunny,high,best,humidity,,,
Taiwan,Taichung – Central,June,27,32,12,sunny,high,good,typhoon risk,,,
Taiwan,Taichung – Central,July,28,33,11,sunny,high,good,typhoon risk,heatwave,,
Taiwan,Taichung – Central,August,28,33,12,sunny,high,good,typhoon risk,heatwave,,
Taiwan,Taichung – Central,September,27,32,10,sunny,shoulder,best,typhoon risk,,,
Taiwan,Taichung – Central,October,25,30,8,sunny,shoulder,best,,,,
Taiwan,Taichung – Central,November,22,27,7,sunny,low,good,,,,
Taiwan,Taichung – Central,December,18,23,8,cloudy,festive,good,,Christmas,,
Taiwan,Kaohsiung – South,January,20,24,6,sunny,low,best,,Lunar New Year,,
Taiwan,Kaohsiung – South,February,21,25,6,sunny,festive,best,,Lunar New Year/Lantern Festival,,
Taiwan,Kaohsiung – South,March,23,27,6,sunny,shoulder,best,,,,
Taiwan,Kaohsiung – South,April,25,30,7,sunny,shoulder,best,,,,
Taiwan,Kaohsiung – South,May,27,32,9,sunny,high,good,heatwave,,,
Taiwan,Kaohsiung – South,June,28,33,12,mixed,high,good,typhoon risk,heatwave,,
Taiwan,Kaohsiung – South,July,29,34,11,mixed,high,good,typhoon risk,heatwave,,
Taiwan,Kaohsiung – South,August,28,33,13,rainy,high,mixed,typhoon risk,,,
Taiwan,Kaohsiung – South,September,28,33,10,mixed,shoulder,mixed,typhoon risk,,,
Taiwan,Kaohsiung – South,October,27,32,7,sunny,shoulder,best,,,,
Taiwan,Kaohsiung – South,November,25,30,5,sunny,low,best,,,,
Taiwan,Kaohsiung – South,December,22,27,5,sunny,festive,best,,Christmas,,
Taiwan,Hualien – East Coast,January,18,21,13,cloudy,low,good,,Lunar New Year,,
Taiwan,Hualien – East Coast,February,19,22,14,mixed,festive,mixed,,Lunar New Year,,
Taiwan,Hualien – East Coast,March,20,24,15,mixed,shoulder,good,,,,
Taiwan,Hualien – East Coast,April,22,26,14,mixed,shoulder,good,,,,
Taiwan,Hualien – East Coast,May,25,29,15,sunny,high,best,,,,
Taiwan,Hualien – East Coast,June,27,31,11,sunny,high,good,typhoon risk,,,
Taiwan,Hualien – East Coast,July,28,32,10,sunny,high,good,typhoon risk,,,
Taiwan,Hualien – East Coast,August,28,32,12,sunny,high,good,typhoon risk,,,
Taiwan,Hualien – East Coast,September,27,31,13,mixed,shoulder,mixed,typhoon risk,,,
Taiwan,Hualien – East Coast,October,25,29,12,mixed,shoulder,good,,,,
Taiwan,Hualien – East Coast,November,23,26,12,cloudy,low,good,,,,
Taiwan,Hualien – East Coast,December,20,23,12,cloudy,festive,good,,Christmas,,
Taiwan,Kenting – South Peninsula,January,21,25,7,sunny,low,best,,Lunar New Year,,
Taiwan,Kenting – South Peninsula,February,22,26,7,sunny,festive,best,,Lunar New Year,,
Taiwan,Kenting – South Peninsula,March,23,28,6,sunny,shoulder,best,,,,
Taiwan,Kenting – South Peninsula,April,25,30,7,sunny,shoulder,best,,,,
Taiwan,Kenting – South Peninsula,May,27,32,9,sunny,high,good,heatwave,,,
Taiwan,Kenting – South Peninsula,June,28,33,11,mixed,high,good,typhoon risk,heatwave,,
Taiwan,Kenting – South Peninsula,July,29,34,10,mixed,high,good,typhoon risk,heatwave,,
Taiwan,Kenting – South Peninsula,August,28,33,13,rainy,high,mixed,typhoon risk,,,
Taiwan,Kenting – South Peninsula,September,28,33,11,mixed,shoulder,mixed,typhoon risk,,,
Taiwan,Kenting – South Peninsula,October,27,32,8,sunny,shoulder,best,,,,
Taiwan,Kenting – South Peninsula,November,25,30,6,sunny,low,best,,,,
Taiwan,Kenting – South Peninsula,December,23,27,6,sunny,festive,best,,Christmas,,
Taiwan,Alishan – Mountains,January,6,12,12,snowy,low,mixed,snowfall,Lunar New Year,,
Taiwan,Alishan – Mountains,February,7,13,13,mixed,festive,mixed,snowfall,Lunar New Year,,
Taiwan,Alishan – Mountains,March,9,15,14,mixed,shoulder,good,,,,
Taiwan,Alishan – Mountains,April,11,17,13,mixed,shoulder,good,,,,
Taiwan,Alishan – Mountains,May,13,19,15,mixed,high,best,,,,
Taiwan,Alishan – Mountains,June,14,20,16,rainy,high,good,,,,
Taiwan,Alishan – Mountains,July,15,21,15,rainy,high,good,typhoon risk,,,
Taiwan,Alishan – Mountains,August,15,21,16,rainy,high,mixed,typhoon risk,,,
Taiwan,Alishan – Mountains,September,14,20,13,mixed,shoulder,good,typhoon risk,,,
Taiwan,Alishan – Mountains,October,12,18,11,sunny,shoulder,best,,,,
Taiwan,Alishan – Mountains,November,10,16,10,sunny,low,good,,,,
Taiwan,Alishan – Mountains,December,7,13,11,snowy,festive,mixed,snowfall,Christmas,,
Taiwan,Sun Moon Lake – Central,January,14,19,11,cloudy,low,good,,Lunar New Year,,
Taiwan,Sun Moon Lake – Central,February,15,20,12,mixed,festive,mixed,,Lunar New Year,,
Taiwan,Sun Moon Lake – Central,March,17,22,13,mixed,shoulder,good,,,,
Taiwan,Sun Moon Lake – Central,April,19,24,13,mixed,shoulder,good,,,,
Taiwan,Sun Moon Lake – Central,May,21,26,15,sunny,high,best,,,,
Taiwan,Sun Moon Lake – Central,June,22,27,16,sunny,high,good,typhoon risk,,,
Taiwan,Sun Moon Lake – Central,July,23,28,15,sunny,high,good,typhoon risk,,,
Taiwan,Sun Moon Lake – Central,August,23,28,16,rainy,high,mixed,typhoon risk,,,
Taiwan,Sun Moon Lake – Central,September,22,27,13,mixed,shoulder,good,typhoon risk,,,
Taiwan,Sun Moon Lake – Central,October,20,25,10,sunny,shoulder,best,,,,
Taiwan,Sun Moon Lake – Central,November,18,23,9,sunny,low,good,,,,
Taiwan,Sun Moon Lake – Central,December,16,20,10,cloudy,festive,good,,Christmas,,
Taiwan,Taroko Gorge – East,January,16,20,12,cloudy,low,good,,Lunar New Year,,
Taiwan,Taroko Gorge – East,February,17,21,13,mixed,festive,mixed,,Lunar New Year,,
Taiwan,Taroko Gorge – East,March,18,23,14,mixed,shoulder,good,,,,
Taiwan,Taroko Gorge – East,April,20,25,14,mixed,shoulder,good,,,,
Taiwan,Taroko Gorge – East,May,23,28,15,sunny,high,best,,,,
Taiwan,Taroko Gorge – East,June,25,30,12,sunny,high,good,typhoon risk,,,
Taiwan,Taroko Gorge – East,July,26,31,11,sunny,high,good,typhoon risk,,,
Taiwan,Taroko Gorge – East,August,26,31,13,sunny,high,good,typhoon risk,,,
Taiwan,Taroko Gorge – East,September,25,30,13,mixed,shoulder,mixed,typhoon risk,,,
Taiwan,Taroko Gorge – East,October,23,28,11,mixed,shoulder,good,,,,
Taiwan,Taroko Gorge – East,November,21,25,11,cloudy,low,good,,,,
Taiwan,Taroko Gorge – East,December,18,22,11,cloudy,festive,good,,Christmas,,
Taiwan,Matsu – Offshore Islands,January,10,15,12,cloudy,low,mixed,strong winds,Lunar New Year,,
Taiwan,Matsu – Offshore Islands,February,10,15,13,mixed,festive,mixed,strong winds,Lunar New Year/Lantern Festival,,
Taiwan,Matsu – Offshore Islands,March,12,17,15,mixed,shoulder,mixed,fog,,,
Taiwan,Matsu – Offshore Islands,April,15,20,14,mixed,shoulder,good,fog,,,
Taiwan,Matsu – Offshore Islands,May,19,24,14,mixed,high,good,humidity,,,
Taiwan,Matsu – Offshore Islands,June,23,28,12,sunny,high,best,typhoon risk,,,
Taiwan,Matsu – Offshore Islands,July,26,31,11,sunny,high,best,typhoon risk,,,
Taiwan,Matsu – Offshore Islands,August,26,31,12,sunny,high,best,typhoon risk,,,
Taiwan,Matsu – Offshore Islands,September,24,29,11,mixed,shoulder,good,typhoon risk,,,
Taiwan,Matsu – Offshore Islands,October,21,26,9,sunny,shoulder,best,,,,
Taiwan,Matsu – Offshore Islands,November,17,22,10,cloudy,low,good,,,,
Taiwan,Matsu – Offshore Islands,December,13,18,11,cloudy,festive,good,strong winds,Christmas,,
